"Phylum","Genomes.in.phylum","Class","Genomes.in.class","Order","Genomes.in.order","Family","Genomes.in.family","Genus","Genomes.in.genus"
"Proteobacteria",725,"Gammaproteobacteria",403,"Vibrionales",109,"Vibrionaceae",108,"Vibrio",92
"Proteobacteria",725,"Gammaproteobacteria",403,"Vibrionales",109,"Vibrionaceae",108,"Enterovibrio",7
"Proteobacteria",725,"Gammaproteobacteria",403,"Vibrionales",109,"Vibrionaceae",108,"Photobacterium",5
"Proteobacteria",725,"Gammaproteobacteria",403,"Vibrionales",109,"Vibrionaceae",108,"Aliivibrio",2
"Proteobacteria",725,"Gammaproteobacteria",403,"Vibrionales",109,"Vibrionaceae",108,"Grimontia",2
"Proteobacteria",725,"Gammaproteobacteria",403,"Vibrionales",109,"unclassified",1,"unclassified",1
"Proteobacteria",725,"Gammaproteobacteria",403,"Alteromonadales",107,"Alteromonadaceae",46,"Alteromonas",17
"Proteobacteria",725,"Gammaproteobacteria",403,"Alteromonadales",107,"Alteromonadaceae",46,"Marinobacter",13
"Proteobacteria",725,"Gammaproteobacteria",403,"Alteromonadales",107,"Alteromonadaceae",46,"Glaciecola",6
"Proteobacteria",725,"Gammaproteobacteria",403,"Alteromonadales",107,"Alteromonadaceae",46,"Paraglaciecola",4
"Proteobacteria",725,"Gammaproteobacteria",403,"Alteromonadales",107,"Alteromonadaceae",46,"Aliagarivorans",2
"Proteobacteria",725,"Gammaproteobacteria",403,"Alteromonadales",107,"Alteromonadaceae",46,"Aliiglaciecola",1
"Proteobacteria",725,"Gammaproteobacteria",403,"Alteromonadales",107,"Alteromonadaceae",46,"Alishewanella",1
"Proteobacteria",725,"Gammaproteobacteria",403,"Alteromonadales",107,"Alteromonadaceae",46,"Catenovulum",1
"Proteobacteria",725,"Gammaproteobacteria",403,"Alteromonadales",107,"Alteromonadaceae",46,"Gayadomonas",1
"Proteobacteria",725,"Gammaproteobacteria",403,"Alteromonadales",107,"Shewanellaceae",21,"Shewanella",21
"Proteobacteria",725,"Gammaproteobacteria",403,"Alteromonadales",107,"Pseudoalteromonadaceae",20,"Pseudoalteromonas",19
"Proteobacteria",725,"Gammaproteobacteria",403,"Alteromonadales",107,"Pseudoalteromonadaceae",20,"Algicola",1
"Proteobacteria",725,"Gammaproteobacteria",403,"Alteromonadales",107,"Idiomarinaceae",8,"Idiomarina",8
"Proteobacteria",725,"Gammaproteobacteria",403,"Alteromonadales",107,"Psychromonadaceae",5,"Psychromonas",5
"Proteobacteria",725,"Gammaproteobacteria",403,"Alteromonadales",107,"Moritellaceae",4,"Moritella",4
"Proteobacteria",725,"Gammaproteobacteria",403,"Alteromonadales",107,"Colwelliaceae",2,"Colwellia",2
"Proteobacteria",725,"Gammaproteobacteria",403,"Alteromonadales",107,"unclassified",1,"unclassified",1
"Proteobacteria",725,"Gammaproteobacteria",403,"unclassified",48,"unclassified",48,"unclassified",41
"Proteobacteria",725,"Gammaproteobacteria",403,"unclassified",48,"unclassified",48,"Candidatus Thioglobus",3
"Proteobacteria",725,"Gammaproteobacteria",403,"unclassified",48,"unclassified",48,"Sedimenticola",2
"Proteobacteria",725,"Gammaproteobacteria",403,"unclassified",48,"unclassified",48,"Candidatus Endoriftia",1
"Proteobacteria",725,"Gammaproteobacteria",403,"unclassified",48,"unclassified",48,"Candidatus Ruthia",1
"Proteobacteria",725,"Gammaproteobacteria",403,"Oceanospirillales",46,"Oceanospirillaceae",19,"Marinobacterium",6
"Proteobacteria",725,"Gammaproteobacteria",403,"Oceanospirillales",46,"Oceanospirillaceae",19,"Marinomonas",4
"Proteobacteria",725,"Gammaproteobacteria",403,"Oceanospirillales",46,"Oceanospirillaceae",19,"Oceanospirillum",2
"Proteobacteria",725,"Gammaproteobacteria",403,"Oceanospirillales",46,"Oceanospirillaceae",19,"Amphritea",1
"Proteobacteria",725,"Gammaproteobacteria",403,"Oceanospirillales",46,"Oceanospirillaceae",19,"Bermanella",1
"Proteobacteria",725,"Gammaproteobacteria",403,"Oceanospirillales",46,"Oceanospirillaceae",19,"Neptuniibacter",1
"Proteobacteria",725,"Gammaproteobacteria",403,"Oceanospirillales",46,"Oceanospirillaceae",19,"Neptunomonas",1
"Proteobacteria",725,"Gammaproteobacteria",403,"Oceanospirillales",46,"Oceanospirillaceae",19,"Oceanobacter",1
"Proteobacteria",725,"Gammaproteobacteria",403,"Oceanospirillales",46,"Oceanospirillaceae",19,"Pseudospirillum",1
"Proteobacteria",725,"Gammaproteobacteria",403,"Oceanospirillales",46,"Oceanospirillaceae",19,"Thalassolituus",1
"Proteobacteria",725,"Gammaproteobacteria",403,"Oceanospirillales",46,"Alcanivoracaceae",7,"Alcanivorax",7
"Proteobacteria",725,"Gammaproteobacteria",403,"Oceanospirillales",46,"unclassified",6,"unclassified",6
"Proteobacteria",725,"Gammaproteobacteria",403,"Oceanospirillales",46,"Halomonadaceae",6,"Halomonas",4
"Proteobacteria",725,"Gammaproteobacteria",403,"Oceanospirillales",46,"Halomonadaceae",6,"Candidatus Carsonella",1
"Proteobacteria",725,"Gammaproteobacteria",403,"Oceanospirillales",46,"Halomonadaceae",6,"unclassified",1
"Proteobacteria",725,"Gammaproteobacteria",403,"Oceanospirillales",46,"Kangiellaceae",3,"Kangiella",3
"Proteobacteria",725,"Gammaproteobacteria",403,"Oceanospirillales",46,"Saccharospirillaceae",2,"Reinekea",2
"Proteobacteria",725,"Gammaproteobacteria",403,"Oceanospirillales",46,"Hahellaceae",2,"Hahella",1
"Proteobacteria",725,"Gammaproteobacteria",403,"Oceanospirillales",46,"Hahellaceae",2,"Zooshikella",1
"Proteobacteria",725,"Gammaproteobacteria",403,"Oceanospirillales",46,"Oleiphilaceae",1,"Oleiphilus",1
"Proteobacteria",725,"Gammaproteobacteria",403,"Pseudomonadales",25,"Moraxellaceae",15,"Acinetobacter",7
"Proteobacteria",725,"Gammaproteobacteria",403,"Pseudomonadales",25,"Moraxellaceae",15,"unclassified",7
"Proteobacteria",725,"Gammaproteobacteria",403,"Pseudomonadales",25,"Moraxellaceae",15,"Psychrobacter",1
"Proteobacteria",725,"Gammaproteobacteria",403,"Pseudomonadales",25,"Pseudomonadaceae",10,"Pseudomonas",10
"Proteobacteria",725,"Gammaproteobacteria",403,"Thiotrichales",22,"Piscirickettsiaceae",15,"Thiomicrospira",9
"Proteobacteria",725,"Gammaproteobacteria",403,"Thiotrichales",22,"Piscirickettsiaceae",15,"Cycloclasticus",3
"Proteobacteria",725,"Gammaproteobacteria",403,"Thiotrichales",22,"Piscirickettsiaceae",15,"Hydrogenovibrio",1
"Proteobacteria",725,"Gammaproteobacteria",403,"Thiotrichales",22,"Piscirickettsiaceae",15,"Methylophaga",1
"Proteobacteria",725,"Gammaproteobacteria",403,"Thiotrichales",22,"Piscirickettsiaceae",15,"Sulfurivirga",1
"Proteobacteria",725,"Gammaproteobacteria",403,"Thiotrichales",22,"Thiotrichaceae",3,"Beggiatoa",3
"Proteobacteria",725,"Gammaproteobacteria",403,"Thiotrichales",22,"unclassified",3,"Fangia",2
"Proteobacteria",725,"Gammaproteobacteria",403,"Thiotrichales",22,"unclassified",3,"unclassified",1
"Proteobacteria",725,"Gammaproteobacteria",403,"Thiotrichales",22,"Francisellaceae",1,"Francisella",1
"Proteobacteria",725,"Gammaproteobacteria",403,"Cellvibrionales",18,"Halieaceae",8,"unclassified",4
"Proteobacteria",725,"Gammaproteobacteria",403,"Cellvibrionales",18,"Halieaceae",8,"Pseudohaliea",2
"Proteobacteria",725,"Gammaproteobacteria",403,"Cellvibrionales",18,"Halieaceae",8,"Congregibacter",1
"Proteobacteria",725,"Gammaproteobacteria",403,"Cellvibrionales",18,"Halieaceae",8,"Haliea",1
"Proteobacteria",725,"Gammaproteobacteria",403,"Cellvibrionales",18,"Cellvibrionaceae",4,"Simiduia",2
"Proteobacteria",725,"Gammaproteobacteria",403,"Cellvibrionales",18,"Spongiibacteraceae",4,"unclassified",2
"Proteobacteria",725,"Gammaproteobacteria",403,"Cellvibrionales",18,"Cellvibrionaceae",4,"Gilvimarinus",1
"Proteobacteria",725,"Gammaproteobacteria",403,"Cellvibrionales",18,"Cellvibrionaceae",4,"Saccharophagus",1
"Proteobacteria",725,"Gammaproteobacteria",403,"Cellvibrionales",18,"Spongiibacteraceae",4,"Dasania",1
"Proteobacteria",725,"Gammaproteobacteria",403,"Cellvibrionales",18,"Spongiibacteraceae",4,"Spongiibacter",1
"Proteobacteria",725,"Gammaproteobacteria",403,"Cellvibrionales",18,"Microbulbiferaceae",1,"Microbulbifer",1
"Proteobacteria",725,"Gammaproteobacteria",403,"Cellvibrionales",18,"Porticoccaceae",1,"unclassified",1
"Proteobacteria",725,"Gammaproteobacteria",403,"Chromatiales",13,"Chromatiaceae",7,"Nitrosococcus",5
"Proteobacteria",725,"Gammaproteobacteria",403,"Chromatiales",13,"Chromatiaceae",7,"Rheinheimera",1
"Proteobacteria",725,"Gammaproteobacteria",403,"Chromatiales",13,"Chromatiaceae",7,"Thioflavicoccus",1
"Proteobacteria",725,"Gammaproteobacteria",403,"Chromatiales",13,"Woeseiaceae",3,"unclassified",3
"Proteobacteria",725,"Gammaproteobacteria",403,"Chromatiales",13,"unclassified",2,"unclassified",2
"Proteobacteria",725,"Gammaproteobacteria",403,"Chromatiales",13,"Ectothiorhodospiraceae",1,"Nitrococcus",1
"Proteobacteria",725,"Gammaproteobacteria",403,"Xanthomonadales",8,"Xanthomonadaceae",6,"Stenotrophomonas",3
"Proteobacteria",725,"Gammaproteobacteria",403,"Xanthomonadales",8,"Xanthomonadaceae",6,"Arenimonas",2
"Proteobacteria",725,"Gammaproteobacteria",403,"Xanthomonadales",8,"Xanthomonadaceae",6,"Pseudoxanthomonas",1
"Proteobacteria",725,"Gammaproteobacteria",403,"Xanthomonadales",8,"unclassified",2,"unclassified",2
"Proteobacteria",725,"Gammaproteobacteria",403,"Methylococcales",3,"Methylococcaceae",2,"Methylomonas",2
"Proteobacteria",725,"Gammaproteobacteria",403,"Methylococcales",3,"Methylothermaceae",1,"Methylothermus",1
"Proteobacteria",725,"Gammaproteobacteria",403,"Aeromonadales",1,"Aeromonadaceae",1,"Oceanimonas",1
"Proteobacteria",725,"Gammaproteobacteria",403,"Enterobacterales",1,"Yersiniaceae",1,"Serratia",1
"Proteobacteria",725,"Gammaproteobacteria",403,"Legionellales",1,"Coxiellaceae",1,"Coxiella",1
"Proteobacteria",725,"Gammaproteobacteria",403,"Salinisphaerales",1,"Salinisphaeraceae",1,"unclassified",1
"Proteobacteria",725,"Alphaproteobacteria",189,"Rhodobacterales",92,"Rhodobacteraceae",80,"unclassified",16
"Proteobacteria",725,"Alphaproteobacteria",189,"Rhodobacterales",92,"Rhodobacteraceae",80,"Roseobacter",8
"Proteobacteria",725,"Alphaproteobacteria",189,"Rhodobacterales",92,"Rhodobacteraceae",80,"Leisingera",4
"Proteobacteria",725,"Alphaproteobacteria",189,"Rhodobacterales",92,"Rhodobacteraceae",80,"Maritimibacter",4
"Proteobacteria",725,"Alphaproteobacteria",189,"Rhodobacterales",92,"Rhodobacteraceae",80,"Loktanella",3
"Proteobacteria",725,"Alphaproteobacteria",189,"Rhodobacterales",92,"Rhodobacteraceae",80,"Rhodobacter",3
"Proteobacteria",725,"Alphaproteobacteria",189,"Rhodobacterales",92,"Rhodobacteraceae",80,"Rhodovulum",3
"Proteobacteria",725,"Alphaproteobacteria",189,"Rhodobacterales",92,"Rhodobacteraceae",80,"Ruegeria",3
"Proteobacteria",725,"Alphaproteobacteria",189,"Rhodobacterales",92,"Rhodobacteraceae",80,"Sulfitobacter",3
"Proteobacteria",725,"Alphaproteobacteria",189,"Rhodobacterales",92,"Rhodobacteraceae",80,"Jannaschia",2
"Proteobacteria",725,"Alphaproteobacteria",189,"Rhodobacterales",92,"Rhodobacteraceae",80,"Oceanicola",2
"Proteobacteria",725,"Alphaproteobacteria",189,"Rhodobacterales",92,"Rhodobacteraceae",80,"Octadecabacter",2
"Proteobacteria",725,"Alphaproteobacteria",189,"Rhodobacterales",92,"Rhodobacteraceae",80,"Phaeobacter",2
"Proteobacteria",725,"Alphaproteobacteria",189,"Rhodobacterales",92,"Rhodobacteraceae",80,"Pseudooceanicola",2
"Proteobacteria",725,"Alphaproteobacteria",189,"Rhodobacterales",92,"Rhodobacteraceae",80,"Roseovarius",2
"Proteobacteria",725,"Alphaproteobacteria",189,"Rhodobacterales",92,"Rhodobacteraceae",80,"Ahrensia",1
"Proteobacteria",725,"Alphaproteobacteria",189,"Rhodobacterales",92,"Rhodobacteraceae",80,"Celeribacter",1
"Proteobacteria",725,"Alphaproteobacteria",189,"Rhodobacterales",92,"Rhodobacteraceae",80,"Citreicella",1
"Proteobacteria",725,"Alphaproteobacteria",189,"Rhodobacterales",92,"Rhodobacteraceae",80,"Donghicola",1
"Proteobacteria",725,"Alphaproteobacteria",189,"Rhodobacterales",92,"Rhodobacteraceae",80,"Labrenzia",1
"Proteobacteria",725,"Alphaproteobacteria",189,"Rhodobacterales",92,"Rhodobacteraceae",80,"Marivivens",1
"Proteobacteria",725,"Alphaproteobacteria",189,"Rhodobacterales",92,"Rhodobacteraceae",80,"Nereida",1
"Proteobacteria",725,"Alphaproteobacteria",189,"Rhodobacterales",92,"Rhodobacteraceae",80,"Oceanibulbus",1
"Proteobacteria",725,"Alphaproteobacteria",189,"Rhodobacterales",92,"Rhodobacteraceae",80,"Oceaniovalibus",1
"Proteobacteria",725,"Alphaproteobacteria",189,"Rhodobacterales",92,"Rhodobacteraceae",80,"Paracoccus",1
"Proteobacteria",725,"Alphaproteobacteria",189,"Rhodobacterales",92,"Rhodobacteraceae",80,"Pelagibaca",1
"Proteobacteria",725,"Alphaproteobacteria",189,"Rhodobacterales",92,"Rhodobacteraceae",80,"Pelagicola",1
"Proteobacteria",725,"Alphaproteobacteria",189,"Rhodobacterales",92,"Rhodobacteraceae",80,"Planktomarina",1
"Proteobacteria",725,"Alphaproteobacteria",189,"Rhodobacterales",92,"Rhodobacteraceae",80,"Pontibaca",1
"Proteobacteria",725,"Alphaproteobacteria",189,"Rhodobacterales",92,"Rhodobacteraceae",80,"Ponticoccus",1
"Proteobacteria",725,"Alphaproteobacteria",189,"Rhodobacterales",92,"Rhodobacteraceae",80,"Pseudodonghicola",1
"Proteobacteria",725,"Alphaproteobacteria",189,"Rhodobacterales",92,"Rhodobacteraceae",80,"Pseudophaeobacter",1
"Proteobacteria",725,"Alphaproteobacteria",189,"Rhodobacterales",92,"Rhodobacteraceae",80,"Pseudorhodobacter",1
"Proteobacteria",725,"Alphaproteobacteria",189,"Rhodobacterales",92,"Rhodobacteraceae",80,"Thalassobacter",1
"Proteobacteria",725,"Alphaproteobacteria",189,"Rhodobacterales",92,"Rhodobacteraceae",80,"Thioclava",1
"Proteobacteria",725,"Alphaproteobacteria",189,"Rhodobacterales",92,"Rhodobacteraceae",80,"Wenxinia",1
"Proteobacteria",725,"Alphaproteobacteria",189,"Rhodobacterales",92,"Hyphomonadaceae",9,"Hyphomonas",2
"Proteobacteria",725,"Alphaproteobacteria",189,"Rhodobacterales",92,"Hyphomonadaceae",9,"Euryhalocaulis",1
"Proteobacteria",725,"Alphaproteobacteria",189,"Rhodobacterales",92,"Hyphomonadaceae",9,"Henriciella",1
"Proteobacteria",725,"Alphaproteobacteria",189,"Rhodobacterales",92,"Hyphomonadaceae",9,"Hirschia",1
"Proteobacteria",725,"Alphaproteobacteria",189,"Rhodobacterales",92,"Hyphomonadaceae",9,"Maricaulis",1
"Proteobacteria",725,"Alphaproteobacteria",189,"Rhodobacterales",92,"Hyphomonadaceae",9,"Oceanicaulis",1
"Proteobacteria",725,"Alphaproteobacteria",189,"Rhodobacterales",92,"Hyphomonadaceae",9,"Ponticaulis",1
"Proteobacteria",725,"Alphaproteobacteria",189,"Rhodobacterales",92,"Hyphomonadaceae",9,"Robiginitomaculum",1
"Proteobacteria",725,"Alphaproteobacteria",189,"Rhodobacterales",92,"unclassified",3,"unclassified",3
"Proteobacteria",725,"Alphaproteobacteria",189,"Sphingomonadales",31,"Sphingomonadaceae",17,"Sphingopyxis",11
"Proteobacteria",725,"Alphaproteobacteria",189,"Sphingomonadales",31,"Sphingomonadaceae",17,"Citromicrobium",2
"Proteobacteria",725,"Alphaproteobacteria",189,"Sphingomonadales",31,"Sphingomonadaceae",17,"Sphingorhabdus",2
"Proteobacteria",725,"Alphaproteobacteria",189,"Sphingomonadales",31,"Sphingomonadaceae",17,"Pacificimonas",1
"Proteobacteria",725,"Alphaproteobacteria",189,"Sphingomonadales",31,"Sphingomonadaceae",17,"Sphingomonas",1
"Proteobacteria",725,"Alphaproteobacteria",189,"Sphingomonadales",31,"Erythrobacteraceae",14,"Erythrobacter",14
"Proteobacteria",725,"Alphaproteobacteria",189,"Pelagibacterales",23,"Pelagibacteraceae",23,"Candidatus Pelagibacter",20
"Proteobacteria",725,"Alphaproteobacteria",189,"Pelagibacterales",23,"Pelagibacteraceae",23,"unclassified",3
"Proteobacteria",725,"Alphaproteobacteria",189,"Rhizobiales",14,"Rhizobiaceae",4,"Sinorhizobium",3
"Proteobacteria",725,"Alphaproteobacteria",189,"Rhizobiales",14,"Phyllobacteriaceae",4,"Mesorhizobium",2
"Proteobacteria",725,"Alphaproteobacteria",189,"Rhizobiales",14,"Phyllobacteriaceae",4,"Nitratireductor",2
"Proteobacteria",725,"Alphaproteobacteria",189,"Rhizobiales",14,"Rhizobiaceae",4,"Rhizobium",1
"Proteobacteria",725,"Alphaproteobacteria",189,"Rhizobiales",14,"Aurantimonadaceae",3,"Aurantimonas",1
"Proteobacteria",725,"Alphaproteobacteria",189,"Rhizobiales",14,"Aurantimonadaceae",3,"Fulvimarina",1
"Proteobacteria",725,"Alphaproteobacteria",189,"Rhizobiales",14,"Aurantimonadaceae",3,"Martelella",1
"Proteobacteria",725,"Alphaproteobacteria",189,"Rhizobiales",14,"Hyphomicrobiaceae",2,"Cucumibacter",1
"Proteobacteria",725,"Alphaproteobacteria",189,"Rhizobiales",14,"Hyphomicrobiaceae",2,"Pelagibacterium",1
"Proteobacteria",725,"Alphaproteobacteria",189,"Rhizobiales",14,"Bradyrhizobiaceae",1,"Nitrobacter",1
"Proteobacteria",725,"Alphaproteobacteria",189,"unclassified",12,"unclassified",12,"unclassified",8
"Proteobacteria",725,"Alphaproteobacteria",189,"unclassified",12,"unclassified",12,"Candidatus Puniceispirillum",3
"Proteobacteria",725,"Alphaproteobacteria",189,"unclassified",12,"unclassified",12,"Thermopetrobacter",1
"Proteobacteria",725,"Alphaproteobacteria",189,"Rhodospirillales",11,"Rhodospirillaceae",10,"unclassified",6
"Proteobacteria",725,"Alphaproteobacteria",189,"Rhodospirillales",11,"Rhodospirillaceae",10,"Thalassospira",2
"Proteobacteria",725,"Alphaproteobacteria",189,"Rhodospirillales",11,"Rhodospirillaceae",10,"Rhodospira",1
"Proteobacteria",725,"Alphaproteobacteria",189,"Rhodospirillales",11,"Rhodospirillaceae",10,"Thalassobaculum",1
"Proteobacteria",725,"Alphaproteobacteria",189,"Rhodospirillales",11,"unclassified",1,"unclassified",1
"Proteobacteria",725,"Alphaproteobacteria",189,"Caulobacterales",3,"Caulobacteraceae",2,"Brevundimonas",1
"Proteobacteria",725,"Alphaproteobacteria",189,"Caulobacterales",3,"Caulobacteraceae",2,"unclassified",1
"Proteobacteria",725,"Alphaproteobacteria",189,"Caulobacterales",3,"Hyphomonadaceae",1,"Woodsholea",1
"Proteobacteria",725,"Alphaproteobacteria",189,"Kordiimonadales",1,"Kordiimonadaceae",1,"Kordiimonas",1
"Proteobacteria",725,"Alphaproteobacteria",189,"Magnetococcales",1,"Magnetococcaceae",1,"Magnetococcus",1
"Proteobacteria",725,"Alphaproteobacteria",189,"Parvularculales",1,"Parvularculaceae",1,"Parvularcula",1
"Proteobacteria",725,"Deltaproteobacteria",79,"unclassified",24,"unclassified",24,"unclassified",24
"Proteobacteria",725,"Deltaproteobacteria",79,"Desulfobacterales",21,"Desulfobacteraceae",13,"Desulfotignum",3
"Proteobacteria",725,"Deltaproteobacteria",79,"Desulfobacterales",21,"Desulfobacteraceae",13,"Desulfobacter",2
"Proteobacteria",725,"Deltaproteobacteria",79,"Desulfobacterales",21,"Desulfobacteraceae",13,"Desulfobacula",2
"Proteobacteria",725,"Deltaproteobacteria",79,"Desulfobacterales",21,"Desulfobacteraceae",13,"Desulfatibacillum",1
"Proteobacteria",725,"Deltaproteobacteria",79,"Desulfobacterales",21,"Desulfobacteraceae",13,"Desulfatiglans",1
"Proteobacteria",725,"Deltaproteobacteria",79,"Desulfobacterales",21,"Desulfobacteraceae",13,"Desulfobacterium",1
"Proteobacteria",725,"Deltaproteobacteria",79,"Desulfobacterales",21,"Desulfobacteraceae",13,"Desulfonema",1
"Proteobacteria",725,"Deltaproteobacteria",79,"Desulfobacterales",21,"Desulfobacteraceae",13,"Desulfosarcina",1
"Proteobacteria",725,"Deltaproteobacteria",79,"Desulfobacterales",21,"Desulfobacteraceae",13,"Desulfospira",1
"Proteobacteria",725,"Deltaproteobacteria",79,"Desulfobacterales",21,"Desulfobulbaceae",6,"Desulfobulbus",2
"Proteobacteria",725,"Deltaproteobacteria",79,"Desulfobacterales",21,"Desulfobulbaceae",6,"Desulfocapsa",1
"Proteobacteria",725,"Deltaproteobacteria",79,"Desulfobacterales",21,"Desulfobulbaceae",6,"Desulfofustis",1
"Proteobacteria",725,"Deltaproteobacteria",79,"Desulfobacterales",21,"Desulfobulbaceae",6,"Desulfopila",1
"Proteobacteria",725,"Deltaproteobacteria",79,"Desulfobacterales",21,"Desulfobulbaceae",6,"Desulfotalea",1
"Proteobacteria",725,"Deltaproteobacteria",79,"Desulfobacterales",21,"unclassified",2,"unclassified",2
"Proteobacteria",725,"Deltaproteobacteria",79,"Desulfovibrionales",11,"Desulfovibrionaceae",10,"Desulfovibrio",9
"Proteobacteria",725,"Deltaproteobacteria",79,"Desulfovibrionales",11,"Desulfovibrionaceae",10,"Halodesulfovibrio",1
"Proteobacteria",725,"Deltaproteobacteria",79,"Desulfovibrionales",11,"Desulfomicrobiaceae",1,"Desulfomicrobium",1
"Proteobacteria",725,"Deltaproteobacteria",79,"Bdellovibrionales",7,"Bacteriovoracaceae",5,"Bacteriovorax",4
"Proteobacteria",725,"Deltaproteobacteria",79,"Bdellovibrionales",7,"Bacteriovoracaceae",5,"unclassified",1
"Proteobacteria",725,"Deltaproteobacteria",79,"Bdellovibrionales",7,"Bdellovibrionaceae",2,"unclassified",2
"Proteobacteria",725,"Deltaproteobacteria",79,"Myxococcales",5,"unclassified",2,"unclassified",2
"Proteobacteria",725,"Deltaproteobacteria",79,"Myxococcales",5,"Kofleriaceae",1,"Haliangium",1
"Proteobacteria",725,"Deltaproteobacteria",79,"Myxococcales",5,"Myxococcaceae",1,"Myxococcus",1
"Proteobacteria",725,"Deltaproteobacteria",79,"Myxococcales",5,"Nannocystaceae",1,"Plesiocystis",1
"Proteobacteria",725,"Deltaproteobacteria",79,"Desulfarculales",4,"Desulfarculaceae",4,"unclassified",4
"Proteobacteria",725,"Deltaproteobacteria",79,"Desulfuromonadales",3,"Desulfuromonadaceae",2,"Desulfuromonas",2
"Proteobacteria",725,"Deltaproteobacteria",79,"Desulfuromonadales",3,"unclassified",1,"unclassified",1
"Proteobacteria",725,"Deltaproteobacteria",79,"Desulfurellales",2,"Desulfurellaceae",2,"Hippea",2
"Proteobacteria",725,"Deltaproteobacteria",79,"Syntrophobacterales",2,"Syntrophobacteraceae",2,"Desulfacinum",1
"Proteobacteria",725,"Deltaproteobacteria",79,"Syntrophobacterales",2,"Syntrophobacteraceae",2,"Syntrophobacter",1
"Proteobacteria",725,"Epsilonproteobacteria",35,"unclassified",19,"unclassified",19,"unclassified",15
"Proteobacteria",725,"Epsilonproteobacteria",35,"unclassified",19,"unclassified",19,"Nitratiruptor",2
"Proteobacteria",725,"Epsilonproteobacteria",35,"unclassified",19,"unclassified",19,"Sulfurovum",2
"Proteobacteria",725,"Epsilonproteobacteria",35,"Campylobacterales",9,"Campylobacteraceae",4,"Arcobacter",2
"Proteobacteria",725,"Epsilonproteobacteria",35,"Campylobacterales",9,"Campylobacteraceae",4,"Sulfurospirillum",2
"Proteobacteria",725,"Epsilonproteobacteria",35,"Campylobacterales",9,"Helicobacteraceae",3,"Sulfurimonas",3
"Proteobacteria",725,"Epsilonproteobacteria",35,"Campylobacterales",9,"unclassified",2,"Hydrogenimonas",1
"Proteobacteria",725,"Epsilonproteobacteria",35,"Campylobacterales",9,"unclassified",2,"Nitratifractor",1
"Proteobacteria",725,"Epsilonproteobacteria",35,"Nautiliales",7,"Nautiliaceae",7,"Lebetimonas",6
"Proteobacteria",725,"Epsilonproteobacteria",35,"Nautiliales",7,"Nautiliaceae",7,"Caminibacter",1
"Proteobacteria",725,"Betaproteobacteria",11,"unclassified",4,"unclassified",4,"unclassified",4
"Proteobacteria",725,"Betaproteobacteria",11,"Burkholderiales",4,"Burkholderiaceae",2,"Cupriavidus",1
"Proteobacteria",725,"Betaproteobacteria",11,"Burkholderiales",4,"Burkholderiaceae",2,"Limnobacter",1
"Proteobacteria",725,"Betaproteobacteria",11,"Burkholderiales",4,"Alcaligenaceae",1,"Pusillimonas",1
"Proteobacteria",725,"Betaproteobacteria",11,"Burkholderiales",4,"Comamonadaceae",1,"Pseudacidovorax",1
"Proteobacteria",725,"Betaproteobacteria",11,"Methylophilales",2,"unclassified",2,"unclassified",2
"Proteobacteria",725,"Betaproteobacteria",11,"Nitrosomonadales",1,"Nitrosomonadaceae",1,"Nitrosomonas",1
"Proteobacteria",725,"Acidithiobacillia",3,"Acidithiobacillales",3,"unclassified",3,"unclassified",3
"Proteobacteria",725,"unclassified",3,"unclassified",3,"unclassified",3,"unclassified",3
"Proteobacteria",725,"Zetaproteobacteria",2,"Mariprofundales",1,"Mariprofundaceae",1,"Mariprofundus",1
"Proteobacteria",725,"Zetaproteobacteria",2,"unclassified",1,"unclassified",1,"unclassified",1
"Cyanobacteria",119,"unclassified",119,"Synechococcales",89,"Prochloraceae",58,"Prochlorococcus",58
"Cyanobacteria",119,"unclassified",119,"Synechococcales",89,"Synechococcaceae",30,"Synechococcus",29
"Cyanobacteria",119,"unclassified",119,"Synechococcales",89,"Synechococcaceae",30,"Cyanobium",1
"Cyanobacteria",119,"unclassified",119,"Synechococcales",89,"Leptolyngbyaceae",1,"Leptolyngbya",1
"Cyanobacteria",119,"unclassified",119,"Chroococcales",13,"Aphanothecaceae",9,"Crocosphaera",7
"Cyanobacteria",119,"unclassified",119,"Chroococcales",13,"Aphanothecaceae",9,"Candidatus Atelocyanobacterium",1
"Cyanobacteria",119,"unclassified",119,"Chroococcales",13,"Aphanothecaceae",9,"Rubidibacter",1
"Cyanobacteria",119,"unclassified",119,"Oscillatoriales",13,"Oscillatoriaceae",7,"Moorea",6
"Cyanobacteria",119,"unclassified",119,"Oscillatoriales",13,"Oscillatoriaceae",7,"Lyngbya",1
"Cyanobacteria",119,"unclassified",119,"Chroococcales",13,"unclassified",4,"Synechococcus",3
"Cyanobacteria",119,"unclassified",119,"Chroococcales",13,"unclassified",4,"unclassified",1
"Cyanobacteria",119,"unclassified",119,"Oscillatoriales",13,"Cyanothecaceae",3,"Cyanothece",3
"Cyanobacteria",119,"unclassified",119,"Oscillatoriales",13,"Microcoleaceae",2,"Arthrospira",1
"Cyanobacteria",119,"unclassified",119,"Oscillatoriales",13,"Microcoleaceae",2,"Trichodesmium",1
"Cyanobacteria",119,"unclassified",119,"Oscillatoriales",13,"Coleofasciculaceae",1,"Coleofasciculus",1
"Cyanobacteria",119,"unclassified",119,"Nostocales",3,"Aphanizomenonaceae",2,"Nodularia",2
"Cyanobacteria",119,"unclassified",119,"Nostocales",3,"Nostocaceae",1,"Anabaena",1
"Cyanobacteria",119,"unclassified",119,"Gloeoemargaritales",1,"Gloeomargaritaceae",1,"Gloeomargarita",1
"Bacteroidetes",100,"Flavobacteriia",70,"Flavobacteriales",69,"Flavobacteriaceae",60,"unclassified",8
"Bacteroidetes",100,"Flavobacteriia",70,"Flavobacteriales",69,"Flavobacteriaceae",60,"Maribacter",4
"Bacteroidetes",100,"Flavobacteriia",70,"Flavobacteriales",69,"Flavobacteriaceae",60,"Dokdonia",3
"Bacteroidetes",100,"Flavobacteriia",70,"Flavobacteriales",69,"Flavobacteriaceae",60,"Flavobacterium",3
"Bacteroidetes",100,"Flavobacteriia",70,"Flavobacteriales",69,"Flavobacteriaceae",60,"Gramella",3
"Bacteroidetes",100,"Flavobacteriia",70,"Flavobacteriales",69,"Flavobacteriaceae",60,"Leeuwenhoekiella",3
"Bacteroidetes",100,"Flavobacteriia",70,"Flavobacteriales",69,"Flavobacteriaceae",60,"Polaribacter",3
"Bacteroidetes",100,"Flavobacteriia",70,"Flavobacteriales",69,"Flavobacteriaceae",60,"Aequorivita",2
"Bacteroidetes",100,"Flavobacteriia",70,"Flavobacteriales",69,"Flavobacteriaceae",60,"Aquimarina",2
"Bacteroidetes",100,"Flavobacteriia",70,"Flavobacteriales",69,"Flavobacteriaceae",60,"Gillisia",2
"Bacteroidetes",100,"Flavobacteriia",70,"Flavobacteriales",69,"Flavobacteriaceae",60,"Mesoflavibacter",2
"Bacteroidetes",100,"Flavobacteriia",70,"Flavobacteriales",69,"Flavobacteriaceae",60,"Nonlabens",2
"Bacteroidetes",100,"Flavobacteriia",70,"Flavobacteriales",69,"Flavobacteriaceae",60,"Bizionia",1
"Bacteroidetes",100,"Flavobacteriia",70,"Flavobacteriales",69,"Flavobacteriaceae",60,"Cellulophaga",1
"Bacteroidetes",100,"Flavobacteriia",70,"Flavobacteriales",69,"Flavobacteriaceae",60,"Chryseobacterium",1
"Bacteroidetes",100,"Flavobacteriia",70,"Flavobacteriales",69,"Flavobacteriaceae",60,"Croceibacter",1
"Bacteroidetes",100,"Flavobacteriia",70,"Flavobacteriales",69,"Flavobacteriaceae",60,"Eudoraea",1
"Bacteroidetes",100,"Flavobacteriia",70,"Flavobacteriales",69,"Flavobacteriaceae",60,"Flagellimonas",1
"Bacteroidetes",100,"Flavobacteriia",70,"Flavobacteriales",69,"Flavobacteriaceae",60,"Galbibacter",1
"Bacteroidetes",100,"Flavobacteriia",70,"Flavobacteriales",69,"Flavobacteriaceae",60,"Gelidibacter",1
"Bacteroidetes",100,"Flavobacteriia",70,"Flavobacteriales",69,"Flavobacteriaceae",60,"Hyunsoonleella",1
"Bacteroidetes",100,"Flavobacteriia",70,"Flavobacteriales",69,"Flavobacteriaceae",60,"Jejuia",1
"Bacteroidetes",100,"Flavobacteriia",70,"Flavobacteriales",69,"Flavobacteriaceae",60,"Joostella",1
"Bacteroidetes",100,"Flavobacteriia",70,"Flavobacteriales",69,"Flavobacteriaceae",60,"Kordia",1
"Bacteroidetes",100,"Flavobacteriia",70,"Flavobacteriales",69,"Flavobacteriaceae",60,"Lacinutrix",1
"Bacteroidetes",100,"Flavobacteriia",70,"Flavobacteriales",69,"Flavobacteriaceae",60,"Lutibacter",1
"Bacteroidetes",100,"Flavobacteriia",70,"Flavobacteriales",69,"Flavobacteriaceae",60,"Mesonia",1
"Bacteroidetes",100,"Flavobacteriia",70,"Flavobacteriales",69,"Flavobacteriaceae",60,"Muricauda",1
"Bacteroidetes",100,"Flavobacteriia",70,"Flavobacteriales",69,"Flavobacteriaceae",60,"Robiginitalea",1
"Bacteroidetes",100,"Flavobacteriia",70,"Flavobacteriales",69,"Flavobacteriaceae",60,"Salegentibacter",1
"Bacteroidetes",100,"Flavobacteriia",70,"Flavobacteriales",69,"Flavobacteriaceae",60,"Sediminibacter",1
"Bacteroidetes",100,"Flavobacteriia",70,"Flavobacteriales",69,"Flavobacteriaceae",60,"Wenyingzhuangia",1
"Bacteroidetes",100,"Flavobacteriia",70,"Flavobacteriales",69,"Flavobacteriaceae",60,"Winogradskyella",1
"Bacteroidetes",100,"Flavobacteriia",70,"Flavobacteriales",69,"Flavobacteriaceae",60,"Zobellia",1
"Bacteroidetes",100,"Flavobacteriia",70,"Flavobacteriales",69,"Flavobacteriaceae",60,"Zunongwangia",1
"Bacteroidetes",100,"Flavobacteriia",70,"Flavobacteriales",69,"unclassified",7,"unclassified",7
"Bacteroidetes",100,"Flavobacteriia",70,"Flavobacteriales",69,"Crocinitomicaceae",1,"Crocinitomix",1
"Bacteroidetes",100,"Flavobacteriia",70,"Flavobacteriales",69,"Cryomorphaceae",1,"Owenweeksia",1
"Bacteroidetes",100,"Flavobacteriia",70,"unclassified",1,"unclassified",1,"unclassified",1
"Bacteroidetes",100,"Cytophagia",12,"Cytophagales",11,"Cyclobacteriaceae",5,"Algoriphagus",3
"Bacteroidetes",100,"Cytophagia",12,"Cytophagales",11,"Cyclobacteriaceae",5,"Aquiflexum",1
"Bacteroidetes",100,"Cytophagia",12,"Cytophagales",11,"Cyclobacteriaceae",5,"Belliella",1
"Bacteroidetes",100,"Cytophagia",12,"Cytophagales",11,"Cytophagaceae",3,"Cytophaga",1
"Bacteroidetes",100,"Cytophagia",12,"Cytophagales",11,"Cytophagaceae",3,"Ekhidna",1
"Bacteroidetes",100,"Cytophagia",12,"Cytophagales",11,"Cytophagaceae",3,"Marinoscillum",1
"Bacteroidetes",100,"Cytophagia",12,"Cytophagales",11,"Flammeovirgaceae",3,"Cesiribacter",1
"Bacteroidetes",100,"Cytophagia",12,"Cytophagales",11,"Flammeovirgaceae",3,"Fulvivirga",1
"Bacteroidetes",100,"Cytophagia",12,"Cytophagales",11,"Flammeovirgaceae",3,"Marivirga",1
"Bacteroidetes",100,"Cytophagia",12,"unclassified",1,"unclassified",1,"unclassified",1
"Bacteroidetes",100,"unclassified",9,"unclassified",8,"unclassified",8,"unclassified",8
"Bacteroidetes",100,"unclassified",9,"Bacteroidetes Order II. Incertae sedis",1,"Rhodothermaceae",1,"unclassified",1
"Bacteroidetes",100,"Bacteroidia",6,"Bacteroidales",4,"Bacteroidaceae",3,"Bacteroides",3
"Bacteroidetes",100,"Bacteroidia",6,"Bacteroidales",4,"Prolixibacteraceae",1,"Prolixibacter",1
"Bacteroidetes",100,"Bacteroidia",6,"Marinilabiliales",2,"Marinilabiliaceae",2,"Marinilabilia",2
"Bacteroidetes",100,"Saprospiria",2,"Saprospirales",2,"Lewinellaceae",1,"Lewinella",1
"Bacteroidetes",100,"Saprospiria",2,"Saprospirales",2,"Saprospiraceae",1,"Saprospira",1
"Bacteroidetes",100,"Sphingobacteriia",1,"Sphingobacteriales",1,"Sphingobacteriaceae",1,"Pedobacter",1
"Actinobacteria",87,"Actinobacteria",73,"Propionibacteriales",19,"Nocardioidaceae",18,"Nocardioides",12
"Actinobacteria",87,"Actinobacteria",73,"Propionibacteriales",19,"Nocardioidaceae",18,"Aeromicrobium",6
"Actinobacteria",87,"Actinobacteria",73,"Propionibacteriales",19,"Propionibacteriaceae",1,"Aestuariimicrobium",1
"Actinobacteria",87,"Actinobacteria",73,"unclassified",12,"unclassified",12,"unclassified",12
"Actinobacteria",87,"Actinobacteria",73,"Streptomycetales",11,"Streptomycetaceae",11,"Streptomyces",11
"Actinobacteria",87,"Actinobacteria",73,"Micromonosporales",11,"Micromonosporaceae",11,"Salinispora",10
"Actinobacteria",87,"Actinobacteria",73,"Micromonosporales",11,"Micromonosporaceae",11,"Verrucosispora",1
"Actinobacteria",87,"Actinobacteria",73,"Corynebacteriales",6,"Corynebacteriaceae",2,"Corynebacterium",2
"Actinobacteria",87,"Actinobacteria",73,"Corynebacteriales",6,"Mycobacteriaceae",2,"Mycobacterium",2
"Actinobacteria",87,"Actinobacteria",73,"Corynebacteriales",6,"Nocardiaceae",2,"Rhodococcus",2
"Actinobacteria",87,"Actinobacteria",73,"Micrococcales",6,"Intrasporangiaceae",2,"Janibacter",1
"Actinobacteria",87,"Actinobacteria",73,"Micrococcales",6,"Intrasporangiaceae",2,"Serinicoccus",1
"Actinobacteria",87,"Actinobacteria",73,"Micrococcales",6,"Cellulomonadaceae",1,"Paraoerskovia",1
"Actinobacteria",87,"Actinobacteria",73,"Micrococcales",6,"Dermacoccaceae",1,"Kytococcus",1
"Actinobacteria",87,"Actinobacteria",73,"Micrococcales",6,"Microbacteriaceae",1,"Microbacterium",1
"Actinobacteria",87,"Actinobacteria",73,"Micrococcales",6,"Micrococcaceae",1,"Paenarthrobacter",1
"Actinobacteria",87,"Actinobacteria",73,"Pseudonocardiales",4,"Pseudonocardiaceae",4,"Saccharomonospora",2
"Actinobacteria",87,"Actinobacteria",73,"Pseudonocardiales",4,"Pseudonocardiaceae",4,"Prauserella",1
"Actinobacteria",87,"Actinobacteria",73,"Pseudonocardiales",4,"Pseudonocardiaceae",4,"Sciscionella",1
"Actinobacteria",87,"Actinobacteria",73,"Streptosporangiales",2,"Nocardiopsaceae",2,"Marinactinospora",1
"Actinobacteria",87,"Actinobacteria",73,"Streptosporangiales",2,"Nocardiopsaceae",2,"Nocardiopsis",1
"Actinobacteria",87,"Actinobacteria",73,"Actinomycetales",1,"unclassified",1,"unclassified",1
"Actinobacteria",87,"Actinobacteria",73,"Geodermatophilales",1,"Geodermatophilaceae",1,"unclassified",1
"Actinobacteria",87,"Acidimicrobiia",13,"Acidimicrobiales",8,"unclassified",8,"unclassified",8
"Actinobacteria",87,"Acidimicrobiia",13,"unclassified",5,"unclassified",5,"unclassified",5
"Actinobacteria",87,"unclassified",1,"unclassified",1,"unclassified",1,"unclassified",1
"Chloroflexi",79,"Dehalococcoidia",57,"unclassified",52,"unclassified",52,"unclassified",52
"Chloroflexi",79,"Dehalococcoidia",57,"Dehalococcoidales",5,"Dehalococcoidaceae",5,"Dehalococcoides",5
"Chloroflexi",79,"unclassified",13,"unclassified",13,"unclassified",13,"unclassified",13
"Chloroflexi",79,"Anaerolineae",9,"Anaerolineales",6,"unclassified",5,"unclassified",5
"Chloroflexi",79,"Anaerolineae",9,"Anaerolineales",6,"Anaerolineaceae",1,"Anaerolinea",1
"Chloroflexi",79,"Anaerolineae",9,"unclassified",3,"unclassified",3,"unclassified",3
"Firmicutes",51,"Clostridia",26,"Clostridiales",20,"Clostridiaceae",7,"Clostridium",4
"Firmicutes",51,"Clostridia",26,"Clostridiales",20,"Clostridiaceae",7,"Caloranaerobacter",1
"Firmicutes",51,"Clostridia",26,"Clostridiales",20,"Clostridiaceae",7,"Caminicella",1
"Firmicutes",51,"Clostridia",26,"Clostridiales",20,"Clostridiaceae",7,"Paramaledivibacter",1
"Firmicutes",51,"Clostridia",26,"Clostridiales",20,"Peptostreptococcaceae",4,"Peptoclostridium",2
"Firmicutes",51,"Clostridia",26,"Clostridiales",20,"Peptostreptococcaceae",4,"Tepidibacter",2
"Firmicutes",51,"Clostridia",26,"Clostridiales",20,"Lachnospiraceae",3,"Tyzzerella",2
"Firmicutes",51,"Clostridia",26,"Clostridiales",20,"Lachnospiraceae",3,"Cellulosilyticum",1
"Firmicutes",51,"Clostridia",26,"Clostridiales",20,"Clostridiales Family XVII. Incertae Sedis",2,"Sulfobacillus",1
"Firmicutes",51,"Clostridia",26,"Clostridiales",20,"Clostridiales Family XVII. Incertae Sedis",2,"Thermaerobacter",1
"Firmicutes",51,"Clostridia",26,"Clostridiales",20," Peptococcaceae",1,"Candidatus Desulfopertinax",1
"Firmicutes",51,"Clostridia",26,"Clostridiales",20,"Eubacteriaceae",1,"Acetobacterium",1
"Firmicutes",51,"Clostridia",26,"Clostridiales",20,"Peptococcaceae",1,"unclassified",1
"Firmicutes",51,"Clostridia",26,"Clostridiales",20,"Ruminococcaceae",1,"Ruminiclostridium",1
"Firmicutes",51,"Clostridia",26,"Thermoanaerobacterales",5,"Thermoanaerobacteraceae",3,"Thermoanaerobacter",2
"Firmicutes",51,"Clostridia",26,"Thermoanaerobacterales",5,"Thermoanaerobacteraceae",3,"Caldanaerobacter",1
"Firmicutes",51,"Clostridia",26,"Thermoanaerobacterales",5,"Thermoanaerobacterales Family III. Incertae Sedis",1,"Thermosediminibacter",1
"Firmicutes",51,"Clostridia",26,"Thermoanaerobacterales",5,"unclassified",1,"unclassified",1
"Firmicutes",51,"Clostridia",26,"Halanaerobiales",1,"Halobacteroidaceae",1,"Halobacteroides",1
"Firmicutes",51,"Bacilli",24,"Bacillales",20,"Bacillaceae",16,"Bacillus",11
"Firmicutes",51,"Bacilli",24,"Bacillales",20,"Bacillaceae",16,"Geobacillus",2
"Firmicutes",51,"Bacilli",24,"Bacillales",20,"Bacillaceae",16,"Caldalkalibacillus",1
"Firmicutes",51,"Bacilli",24,"Bacillales",20,"Bacillaceae",16,"Halobacillus",1
"Firmicutes",51,"Bacilli",24,"Bacillales",20,"Bacillaceae",16,"Oceanobacillus",1
"Firmicutes",51,"Bacilli",24,"Bacillales",20,"Planococcaceae",2,"Bhargavaea",1
"Firmicutes",51,"Bacilli",24,"Bacillales",20,"Planococcaceae",2,"Planococcus",1
"Firmicutes",51,"Bacilli",24,"Bacillales",20,"Staphylococcaceae",1,"Staphylococcus",1
"Firmicutes",51,"Bacilli",24,"Bacillales",20,"unclassified",1,"Exiguobacterium",1
"Firmicutes",51,"Bacilli",24,"Lactobacillales",4,"Carnobacteriaceae",2,"Carnobacterium",2
"Firmicutes",51,"Bacilli",24,"Lactobacillales",4,"Enterococcaceae",2,"Enterococcus",2
"Firmicutes",51,"Tissierellia",1,"unclassified",1,"unclassified",1,"Dethiosulfatibacter",1
"Planctomycetes",28,"Planctomycetia",17,"Planctomycetales",17,"Planctomycetaceae",16,"unclassified",9
"Planctomycetes",28,"Planctomycetia",17,"Planctomycetales",17,"Planctomycetaceae",16,"Rhodopirellula",3
"Planctomycetes",28,"Planctomycetia",17,"Planctomycetales",17,"Planctomycetaceae",16,"Pirellula",2
"Planctomycetes",28,"Planctomycetia",17,"Planctomycetales",17,"Planctomycetaceae",16,"Blastopirellula",1
"Planctomycetes",28,"Planctomycetia",17,"Planctomycetales",17,"Planctomycetaceae",16,"Gimesia",1
"Planctomycetes",28,"Planctomycetia",17,"Planctomycetales",17,"unclassified",1,"unclassified",1
"Planctomycetes",28,"unclassified",6,"unclassified",6,"unclassified",6,"unclassified",6
"Planctomycetes",28,"Phycisphaerae",5,"unclassified",5,"unclassified",5,"unclassified",5
"Thermotogae",25,"Thermotogae",25,"Thermotogales",22,"Fervidobacteriaceae",13,"Thermosipho",13
"Thermotogae",25,"Thermotogae",25,"Thermotogales",22,"Thermotogaceae",9,"Thermotoga",9
"Thermotogae",25,"Thermotogae",25,"Petrotogales",3,"unclassified",3,"Marinitoga",2
"Thermotogae",25,"Thermotogae",25,"Petrotogales",3,"unclassified",3,"Petrotoga",1
"Marinimicrobia",21,"unclassified",21,"unclassified",21,"unclassified",21,"unclassified",19
"Marinimicrobia",21,"unclassified",21,"unclassified",21,"unclassified",21,"Candidatus Marinisoma",2
"Nitrospirae",13,"unclassified",8,"unclassified",8,"unclassified",8,"unclassified",8
"Nitrospirae",13,"Nitrospira",5,"unclassified",4,"unclassified",4,"unclassified",4
"Nitrospirae",13,"Nitrospira",5,"Nitrospirales",1,"Nitrospiraceae",1,"Nitrospira",1
"Deferribacteres",12,"Deferribacteres",12,"Deferribacterales",10,"unclassified",8,"unclassified",8
"Deferribacteres",12,"Deferribacteres",12,"Deferribacterales",10,"Deferribacteraceae",2,"Deferribacter",1
"Deferribacteres",12,"Deferribacteres",12,"Deferribacterales",10,"Deferribacteraceae",2,"Flexistipes",1
"Deferribacteres",12,"Deferribacteres",12,"unclassified",2,"unclassified",2,"unclassified",2
