"Genome.ID","NCBI.Taxon.ID","Status","Genome","Phylum","Class","Order","Family","Genus","Species","Strain","Cultured","Ecosystem","Ecosystem.Category","Ecosystem.Type","Ecosystem.Subtype","Genome.Size","Gene.Count","Scaffold.Count","GOLD.Analysis.Project.Type","GOLD.Sequencing.Strategy","Prophages.per.genome","Total.Size.Prophages","Genome.Size.Without.Prophage","Percentage.of.Genome.Prophage"
2512047040,931626,"Finished","Acetobacterium woodii WB1, DSM 1030","Firmicutes","Clostridia","Clostridiales","Eubacteriaceae","Acetobacterium","Acetobacterium woodii","WB1, DSM 1030","Yes","Environmental","Aquatic","Marine","Intertidal zone",4044777,3561,1,"Genome Analysis","Whole Genome Sequencing",3,158668,3886109,3.92278733784335
2654587931,1703384,"Permanent Draft","Acidithiobacillales bacterium SM1_46","Proteobacteria","Acidithiobacillia","Acidithiobacillales","unclassified","unclassified","Acidithiobacillales bacterium SM1_46","","No","Environmental","Aquatic","Marine","Oceanic",2616358,2846,182,"Genome from Metagenome","Metagenome",1,54650,2561708,2.08878142822962
2654587932,1703385,"Permanent Draft","Acidithiobacillales bacterium SM23_46","Proteobacteria","Acidithiobacillia","Acidithiobacillales","unclassified","unclassified","Acidithiobacillales bacterium SM23_46","","No","Environmental","Aquatic","Marine","Oceanic",2826034,3110,263,"Genome from Metagenome","Metagenome",1,54660,2771374,1.93415932009311
2537561872,1278070,"Permanent Draft","Acinetobacter baumannii MSP4-16","Proteobacteria","Gammaproteobacteria","Pseudomonadales","Moraxellaceae","Acinetobacter","Acinetobacter baumannii","MSP4-16","Yes","Environmental","Aquatic","Marine","Wetlands",3944542,3819,53,"Genome Analysis","Whole Genome Sequencing",1,11995,3932547,0.304091070649013
2521172691,930169,"Finished","Alcanivorax dieselolei B5","Proteobacteria","Gammaproteobacteria","Oceanospirillales","Alcanivoracaceae","Alcanivorax","Alcanivorax dieselolei","B5, DSM 16502","Yes","Environmental","Aquatic","Marine","Oceanic",4928223,4470,1,"Genome Analysis","Whole Genome Sequencing",1,77297,4850926,1.56845581054266
2519899678,1120963,"Permanent Draft","Algicola sagamiensis DSM 14643","Proteobacteria","Gammaproteobacteria","Alteromonadales","Pseudoalteromonadaceae","Algicola","Algicola sagamiensis","DSM 14643","Yes","Environmental","Aquatic","Marine","Coastal",4343428,4099,38,"Genome Analysis","Whole Genome Sequencing",1,38622,4304806,0.889205484700103
2236661014,939391,"Draft","alpha proteobacterium SCGC AAA300-J16 (unscreened)","Proteobacteria","Alphaproteobacteria","unclassified","unclassified","unclassified","alpha proteobacterium SCGC AAA300-J16","SCGC AAA300-J16","No","Environmental","Aquatic","Marine","Unclassified",1001569,1201,214,"Single Cell Analysis (unscreened)","Whole Genome Sequencing",1,7868,993701,0.785567444679298
2521172684,1004785,"Finished","Alteromonas macleodii Black Sea 11","Proteobacteria","Gammaproteobacteria","Alteromonadales","Alteromonadaceae","Alteromonas","Alteromonas macleodii","Black Sea 11","Yes","Environmental","Aquatic","Marine","Unclassified",4480507,3858,1,"Genome Analysis","Whole Genome Sequencing",2,65848,4414659,1.46965510822771
642555105,1774373,"Finished","Alteromonas mediterranea DE","Proteobacteria","Gammaproteobacteria","Alteromonadales","Alteromonadaceae","Alteromonas","Alteromonas mediterranea","DE","Yes","Environmental","Aquatic","Marine","Unclassified",4412282,4128,1,"Genome Analysis","Whole Genome Sequencing",2,78590,4333692,1.78116448586015
2721755799,314275,"Finished","Alteromonas mediterranea RG65","Proteobacteria","Gammaproteobacteria","Alteromonadales","Alteromonadaceae","Alteromonas","Alteromonas mediterranea","RG65","Yes","Environmental","Aquatic","Marine","",4652214,4105,2,"Genome Analysis","Whole Genome Sequencing",2,61814,4590400,1.32870070035471
2504136012,715451,"Finished","Alteromonas naphthalenivorans SN2","Proteobacteria","Gammaproteobacteria","Alteromonadales","Alteromonadaceae","Alteromonas","Alteromonas naphthalenivorans","SN2","Yes","Environmental","Aquatic","Marine","Intertidal zone",4972148,4442,1,"Genome Analysis","Whole Genome Sequencing",3,88290,4883858,1.77569131087812
2684623042,1160720,"Finished","Alteromonas stellipolaris LMG21856","Proteobacteria","Gammaproteobacteria","Alteromonadales","Alteromonadaceae","Alteromonas","Alteromonas stellipolaris","LMG 21856","Yes","Environmental","Aquatic","Marine","Unclassified",4686200,4027,1,"Genome Analysis","Whole Genome Sequencing",1,24158,4662042,0.515513635781657
2506485002,163908,"Permanent Draft","Anabaena sp. PCC 7108","Cyanobacteria","unclassified","Nostocales","Nostocaceae","Anabaena","Anabaena sp. PCC 7108","PCC 7108","Yes","Environmental","Aquatic","Marine","Intertidal zone",5886741,5227,3,"Genome Analysis","Whole Genome Sequencing",4,362497,5524244,6.15785542458892
2506520046,758820,"Draft","Aquiflexum balticum BA160, DSM 16537","Bacteroidetes","Cytophagia","Cytophagales","Cyclobacteriaceae","Aquiflexum","Aquiflexum balticum","BA160, DSM 16537","Yes","Environmental","Aquatic","Marine","Unclassified",5987095,5121,1,"Genome Analysis","Whole Genome Sequencing",3,252147,5734948,4.21150825233273
2554235446,1367477,"Finished","Bacillus infantis NRRL B-14911","Firmicutes","Bacilli","Bacillales","Bacillaceae","Bacillus","Bacillus infantis","NRRL B-14911","Yes","Environmental","Aquatic","Marine","Unclassified",4884713,5179,1,"Genome Analysis","Whole Genome Sequencing",1,29385,4855328,0.601570655225803
2551306096,1196031,"Permanent Draft","Bacillus oceanisediminis 2691","Firmicutes","Bacilli","Bacillales","Bacillaceae","Bacillus","Bacillus oceanisediminis","2691","Yes","Environmental","Aquatic","Marine","Unclassified",5760615,5979,77,"Genome Analysis","Whole Genome Sequencing",1,12384,5748231,0.214977046721574
2721755502,1547283,"Finished","Bacillus weihaiensis Alg07","Firmicutes","Bacilli","Bacillales","Bacillaceae","Bacillus","Bacillus weihaiensis","Alg07","Yes","Environmental","Aquatic","Marine","",4361276,4342,2,"Genome Analysis","Whole Genome Sequencing",5,295884,4065392,6.78434476515589
2654588060,1703763,"Permanent Draft","bacterium SM23_57","unclassified","unclassified","unclassified","unclassified","unclassified","bacterium SM23_57","","No","Environmental","Aquatic","Marine","Oceanic",2320374,2198,284,"Genome from Metagenome","Metagenome",1,32295,2288079,1.39180149406949
647533115,391600,"Permanent Draft","Brevundimonas sp. BAL3","Proteobacteria","Alphaproteobacteria","Caulobacterales","Caulobacteraceae","Brevundimonas","Brevundimonas sp. BAL3","BAL3","Yes","Environmental","Aquatic","Marine","Unclassified",3646072,3528,6,"Genome Analysis","Whole Genome Sequencing",3,222364,3423708,6.09872761700811
2561511127,880073,"Permanent Draft","Caldithrix abyssi LF13, DSM 13497","Caldithrixae","Caldithrixia","Caldithrixales","Caldithrixaceae","Caldithrix","abyssi","LF13, DSM 13497","Yes","Environmental","Aquatic","Marine","Hydrothermal vents",4978541,3842,1,"Genome Analysis","Whole Genome Sequencing",3,154824,4823717,3.10982675446481
2643221409,880073,"Permanent Draft","Caldithrix abyssi LF13, DSM 13497","Calditrichaeota","Calditrichae","Calditrichales","Calditrichaceae","Caldithrix","Caldithrix abyssi","LF13, DSM 13497","Yes","Environmental","Aquatic","Marine","Hydrothermal vents",4978541,4267,1,"Genome Analysis","Whole Genome Sequencing",3,154824,4823717,3.10982675446481
2718218154,880073,"Finished","Caldithrix abyssi LF13, DSM 13497","Calditrichaeota","Calditrichae","Calditrichales","Calditrichaceae","Caldithrix","Caldithrix abyssi","LF13, DSM 13497","Yes","Environmental","Aquatic","Marine","Hydrothermal vents",4978541,3855,1,"Genome Analysis","Whole Genome Sequencing",3,154824,4823717,3.10982675446481
2718217921,1188229,"Finished","Candidatus Gloeomargarita lithophora D10","Cyanobacteria","unclassified","Gloeoemargaritales","Gloeomargaritaceae","Gloeomargarita","Gloeomargarita lithophora","D10","Yes","Environmental","Aquatic","Marine","Intertidal zone",3049282,3134,1,"Genome Analysis","Whole Genome Sequencing",1,45481,3003801,1.49153144904276
646564516,488538,"Finished","Candidatus Puniceispirillum marinum IMCC1322","Proteobacteria","Alphaproteobacteria","unclassified","unclassified","Candidatus Puniceispirillum","Candidatus Puniceispirillum marinum","IMCC1322","No","Environmental","Aquatic","Marine","Unclassified",2753527,2582,1,"Genome Analysis","Whole Genome Sequencing",3,89284,2664243,3.24253221413845
650716020,208596,"Finished","Carnobacterium sp. 17-4","Firmicutes","Bacilli","Lactobacillales","Carnobacteriaceae","Carnobacterium","Carnobacterium sp. 17-4","17-Apr","Yes","Environmental","Aquatic","Marine","Unclassified",2685399,2566,2,"Genome Analysis","Whole Genome Sequencing",2,99989,2585410,3.72343178797639
2721755689,979,"Finished","Cellulophaga lytica DAU203","Bacteroidetes","Flavobacteriia","Flavobacteriales","Flavobacteriaceae","Cellulophaga","Cellulophaga lytica","DAU203","Yes","Environmental","Aquatic","Marine","Oceanic",3952957,3498,1,"Genome Analysis","Whole Genome Sequencing",4,249892,3703065,6.32164731364394
650716026,642492,"Finished","Cellulosilyticum lentocellum RHM5, DSM 5427","Firmicutes","Clostridia","Clostridiales","Lachnospiraceae","Cellulosilyticum","Cellulosilyticum lentocellum","RHM5, DSM 5427","Yes","Environmental","Aquatic","Marine","Intertidal zone",4714237,4416,1,"Genome Analysis","Whole Genome Sequencing",7,391624,4322613,8.30726159927895
642555123,517418,"Finished","Chloroherpeton thalassium ATCC 35110","Chlorobi","Chlorobia","Chlorobiales","Chlorobiaceae","Chloroherpeton","Chloroherpeton thalassium","GB 78, ATCC 35110","Yes","Environmental","Aquatic","Marine","Unclassified",3293456,2778,1,"Genome Analysis","Whole Genome Sequencing",1,21955,3271501,0.666624967814964
647533124,501479,"Permanent Draft","Citreicella sp. SE45","Proteobacteria","Alphaproteobacteria","Rhodobacterales","Rhodobacteraceae","Citreicella","Citreicella sp. SE45","SE45","Yes","Environmental","Aquatic","Marine","Intertidal zone",5523231,5499,9,"Genome Analysis","Whole Genome Sequencing",2,78474,5444757,1.42079880417821
2690315688,935198,"Permanent Draft","Clostridium botulinum B Eklund 17B","Firmicutes","Clostridia","Clostridiales","Clostridiaceae","Clostridium","Clostridium botulinum","B Eklund 17B","Yes","Environmental","Aquatic","Marine","Oceanic",3829198,3621,2,"Genome Analysis","Whole Genome Sequencing",6,270294,3558904,7.05876269652287
641522618,935198,"Finished","Clostridium botulinum B Eklund 17B","Firmicutes","Clostridia","Clostridiales","Clostridiaceae","Clostridium","Clostridium botulinum","B Eklund 17B","Yes","Environmental","Aquatic","Marine","Oceanic",3847969,3639,2,"Genome Analysis","Whole Genome Sequencing",6,246105,3601864,6.39571160786379
2627853505,991789,"Permanent Draft","Clostridium propionicum X2, DSM 1682 (CPRO)","Firmicutes","Clostridia","Clostridiales","Lachnospiraceae","Tyzzerella","[Clostridium] propionicum","X2","Yes","Environmental","Aquatic","Marine","Intertidal zone",3120417,3045,1,"Genome Analysis","Whole Genome Sequencing",8,316457,2803960,10.1414971140075
647533184,118168,"Permanent Draft","Coleofasciculus chthonoplastes PCC 7420","Cyanobacteria","unclassified","Oscillatoriales","Coleofasciculaceae","Coleofasciculus","Coleofasciculus chthonoplastes","PCC 7420","Yes","Environmental","Aquatic","Marine","Intertidal zone",8679041,8359,57,"Genome Analysis","Whole Genome Sequencing",2,152077,8526964,1.75223276396551
637000081,167879,"Finished","Colwellia psychrerythraea 34H","Proteobacteria","Gammaproteobacteria","Alteromonadales","Colwelliaceae","Colwellia","Colwellia psychrerythraea","34H","Yes","Environmental","Aquatic","Marine","Oceanic",5373180,5066,1,"Genome Analysis","Whole Genome Sequencing",2,52200,5320980,0.97149174232019
2718217952,1816218,"Finished","Colwellia sp. PAMC 20917","Proteobacteria","Gammaproteobacteria","Alteromonadales","Colwelliaceae","Colwellia","Colwellia sp. PAMC 20917","PAMC 20917","Yes","Environmental","Aquatic","Marine","Oceanic",4683314,4072,1,"Genome Analysis","Whole Genome Sequencing",2,154081,4529233,3.28999934661652
2597489864,314285,"Permanent Draft","Congregibacter litoralis KT71","Proteobacteria","Gammaproteobacteria","Cellvibrionales","Halieaceae","Congregibacter","Congregibacter litoralis","KT71","Yes","Environmental","Aquatic","Marine","Unclassified",4351117,3981,1,"Genome Analysis","Whole Genome Sequencing",5,216434,4134683,4.97421696543669
646564524,583355,"Finished","Coraliomargarita akajimensis DSM 45221","Verrucomicrobia","Opitutae","Puniceicoccales","Puniceicoccaceae","Coraliomargarita","Coraliomargarita akajimensis","DSM 45221","Yes","Environmental","Aquatic","Marine","Unclassified",3750771,3191,1,"Genome Analysis","Whole Genome Sequencing",4,111595,3639176,2.97525495424807
2654588076,1703354,"Permanent Draft","Coxiella sp. DG_40","Proteobacteria","Gammaproteobacteria","Legionellales","Coxiellaceae","Coxiella","Coxiella sp. DG_40","","No","Environmental","Aquatic","Marine","Oceanic",2338617,2360,88,"Genome from Metagenome","Metagenome",1,35501,2303116,1.51803394912463
2526164557,216432,"Finished","Croceibacter atlanticus HTCC2559 (Re-annotation of existing genome that was not originally submitted by me)","Bacteroidetes","Flavobacteriia","Flavobacteriales","Flavobacteriaceae","Croceibacter","Croceibacter atlanticus","HTCC2559","Yes","Environmental","Aquatic","Marine","Unclassified",2952962,2727,1,"Genome Analysis","Whole Genome Sequencing",1,37887,2915075,1.28301684884533
647533126,180281,"Permanent Draft","Cyanobium sp. PCC 7001","Cyanobacteria","unclassified","Synechococcales","Synechococcaceae","Cyanobium","Cyanobium sp. PCC 7001","PCC 7001","Yes","Environmental","Aquatic","Marine","Intertidal zone",2834252,2826,2,"Genome Analysis","Whole Genome Sequencing",3,210776,2623476,7.43674168704829
637000087,269798,"Finished","Cytophaga hutchinsonii ATCC 33406","Bacteroidetes","Cytophagia","Cytophagales","Cytophagaceae","Cytophaga","Cytophaga hutchinsonii","ATCC 33406","Yes","Environmental","Aquatic","Marine","Unclassified",4433218,3843,1,"Genome Analysis","Whole Genome Sequencing",3,205608,4227610,4.63789509110538
643692021,177437,"Finished","Desulfobacterium autotrophicum HRM2, DSM 3382","Proteobacteria","Deltaproteobacteria","Desulfobacterales","Desulfobacteraceae","Desulfobacterium","Desulfobacterium autotrophicum","HRM2, DSM 3382","Yes","Environmental","Aquatic","Marine","Oceanic",5657782,5012,2,"Genome Analysis","Whole Genome Sequencing",2,107149,5550633,1.89383401481358
2524023220,651182,"Finished","Desulfobacula toluolica Tol2","Proteobacteria","Deltaproteobacteria","Desulfobacterales","Desulfobacteraceae","Desulfobacula","Desulfobacula toluolica","Tol2, DSM 7467","Yes","Environmental","Aquatic","Marine","Oceanic",5197905,4435,1,"Genome Analysis","Whole Genome Sequencing",2,105193,5092712,2.02375764851416
637000094,177439,"Finished","Desulfotalea psychrophila LSv54","Proteobacteria","Deltaproteobacteria","Desulfobacterales","Desulfobulbaceae","Desulfotalea","Desulfotalea psychrophila","LSv54","Yes","Environmental","Aquatic","Marine","Oceanic",3659634,3332,3,"Genome Analysis","Whole Genome Sequencing",2,171019,3488615,4.67311758498254
2526164528,1304886,"Permanent Draft","Desulfotignum balticum DSM 7044","Proteobacteria","Deltaproteobacteria","Desulfobacterales","Desulfobacteraceae","Desulfotignum","Desulfotignum balticum","DSM 7044","Yes","Environmental","Aquatic","Marine","Oceanic",5118755,4855,5,"Genome Analysis","Whole Genome Sequencing",4,184813,4933942,3.61050685176376
2515154007,1286635,"Draft","Desulfotignum phosphitoxidans FiPS-3, DSM 13687","Proteobacteria","Deltaproteobacteria","Desulfobacterales","Desulfobacteraceae","Desulfotignum","Desulfotignum phosphitoxidans","FiPS-3","Yes","Environmental","Aquatic","Marine","Oceanic",4788289,4618,244,"Genome Analysis","Whole Genome Sequencing",1,7742,4780547,0.161686147181175
2503754015,641491,"Finished","Desulfovibrio desulfuricans ND132 (Final JGI assembly)","Proteobacteria","Deltaproteobacteria","Desulfovibrionales","Desulfovibrionaceae","Desulfovibrio","Desulfovibrio desulfuricans","ND132","Yes","Environmental","Aquatic","Marine","Oceanic",3858983,3534,1,"Genome Analysis","Whole Genome Sequencing",1,55946,3803037,1.44976020884259
2648501899,1121451,"Permanent Draft","Desulfovibrio hydrothermalis AM13, DSM 14728","Proteobacteria","Deltaproteobacteria","Desulfovibrionales","Desulfovibrionaceae","Desulfovibrio","Desulfovibrio hydrothermalis","AM13","Yes","Environmental","Aquatic","Marine","Hydrothermal vents",3708362,3340,2,"Genome Analysis","Whole Genome Sequencing",2,101931,3606431,2.74867987537355
2540341170,1322246,"Finished","Desulfovibrio piezophilus C1TLV30","Proteobacteria","Deltaproteobacteria","Desulfovibrionales","Desulfovibrionaceae","Desulfovibrio","Desulfovibrio piezophilus","C1TLV30","Yes","Environmental","Aquatic","Marine","Oceanic",3646098,3431,1,"Genome Analysis","Whole Genome Sequencing",2,168871,3477227,4.63155406135545
2596583660,1249994,"Permanent Draft","Dokdonia sp. Hel_I_5","Bacteroidetes","Flavobacteriia","Flavobacteriales","Flavobacteriaceae","Dokdonia","Dokdonia sp. Hel_I_5","Hel_I_5","Yes","Environmental","Aquatic","Marine","Unclassified",3584841,3252,1,"Genome Analysis","Whole Genome Sequencing",2,187526,3397315,5.23108277326665
2541047540,1244140,"Permanent Draft","Enterococcus faecalis LA3B-2","Firmicutes","Bacilli","Lactobacillales","Enterococcaceae","Enterococcus","Enterococcus faecalis","LA3B-2","Yes","Environmental","Aquatic","Marine","",2892708,3054,127,"Genome Analysis","Whole Genome Sequencing",1,5420,2887288,0.187367684536427
2558860114,1397696,"Permanent Draft","Exiguobacterium marinum DSM 16307","Firmicutes","Bacilli","Bacillales","unclassified","Exiguobacterium","Exiguobacterium marinum","DSM 16307","Yes","Environmental","Aquatic","Marine","Intertidal zone",2814016,2930,2,"Genome Analysis","Whole Genome Sequencing",1,39645,2774371,1.40884060360709
2622736625,1547436,"Permanent Draft","Flagellimonas sp. DK169","Bacteroidetes","Flavobacteriia","Flavobacteriales","Flavobacteriaceae","Flagellimonas","Flagellimonas sp. DK169","DK169","Yes","Environmental","Aquatic","Marine","",4132279,3572,2,"Genome Analysis","Whole Genome Sequencing",2,83870,4048409,2.02963062271449
651324112,937772,"Permanent Draft","gamma proteobacterium IMCC1989","Proteobacteria","Gammaproteobacteria","Alteromonadales","unclassified","unclassified","gamma proteobacterium IMCC1989","IMCC1989","Yes","Environmental","Aquatic","Marine","",3017625,2880,455,"Genome Analysis","Whole Genome Sequencing",2,12413,3005212,0.411349985501843
2513237293,745014,"Permanent Draft","Gammaproteobacteria sp. OM60 HIMB55","Proteobacteria","Gammaproteobacteria","Cellvibrionales","Halieaceae","unclassified","gamma proteobacterium HIMB55","HIMB55","Yes","Environmental","Aquatic","Marine","Unclassified",2736988,2511,1,"Genome Analysis","Whole Genome Sequencing",1,10583,2726405,0.386665926193319
2654587958,1703358,"Permanent Draft","Gemmatimonas sp. SG8_38_2","Gemmatimonadetes","Gemmatimonadetes","Gemmatimonadales","Gemmatimonadaceae","Gemmatimonas","Gemmatimonas sp. SG8_38_2","","No","Environmental","Aquatic","Marine","Oceanic",2814545,2866,307,"Genome from Metagenome","Metagenome",2,140303,2674242,4.98492651565351
637000118,235909,"Finished","Geobacillus kaustophilus HTA426","Firmicutes","Bacilli","Bacillales","Bacillaceae","Geobacillus","Geobacillus kaustophilus","HTA426","Yes","Environmental","Aquatic","Marine","Oceanic",3592666,3714,2,"Genome Analysis","Whole Genome Sequencing",1,43641,3549025,1.21472466407954
2627853986,1629723,"Finished","Geobacillus sp. 12AMOR1","Firmicutes","Bacilli","Bacillales","Bacillaceae","Geobacillus","Geobacillus sp. 12AMOR1","12AMOR1","Yes","Environmental","Aquatic","Marine","Hydrothermal vents",3442724,3572,2,"Genome Analysis","Whole Genome Sequencing",1,43874,3398850,1.2743978314846
2576861397,1249975,"Permanent Draft","Gillisia sp. Hel_I_29","Bacteroidetes","Flavobacteriia","Flavobacteriales","Flavobacteriaceae","Gillisia","Gillisia sp. Hel_I_29","Hel_I_29","Yes","Environmental","Aquatic","Marine","Unclassified",3959304,3613,9,"Genome Analysis","Whole Genome Sequencing",2,158700,3800604,4.00828024319426
2513237134,218983,"Finished","Glaciecola sp. ANT9081 (cola82)","Proteobacteria","Gammaproteobacteria","Alteromonadales","Alteromonadaceae","Glaciecola","Glaciecola sp. ANT9081","ANT9081","Yes","Environmental","Aquatic","Marine","Unclassified",4996068,4330,1,"Genome Analysis","Whole Genome Sequencing",9,617418,4378650,12.3580783928481
639633025,411154,"Finished","Gramella forsetii KT0803","Bacteroidetes","Flavobacteriia","Flavobacteriales","Flavobacteriaceae","Gramella","Gramella forsetii","KT0803","Yes","Environmental","Aquatic","Marine","Unclassified",3798465,3642,1,"Genome Analysis","Whole Genome Sequencing",3,179646,3618819,4.72943675932252
2718217989,1913577,"Finished","Gramella sp. LPB0144","Bacteroidetes","Flavobacteriia","Flavobacteriales","Flavobacteriaceae","Gramella","Gramella sp. LPB0144","LPB0144","Yes","Environmental","Aquatic","Marine","",2978889,2706,1,"Genome Analysis","Whole Genome Sequencing",1,77702,2901187,2.60842213321812
637000128,349521,"Finished","Hahella chejuensis KCTC 2396","Proteobacteria","Gammaproteobacteria","Oceanospirillales","Hahellaceae","Hahella","Hahella chejuensis","KCTC 2396","Yes","Environmental","Aquatic","Marine","Oceanic",7215267,6875,1,"Genome Analysis","Whole Genome Sequencing",10,669848,6545419,9.28375900711644
646311933,502025,"Finished","Haliangium ochraceum SMP-2, DSM 14365","Proteobacteria","Deltaproteobacteria","Myxococcales","Kofleriaceae","Haliangium","Haliangium ochraceum","SMP-2, DSM 14365","Yes","Environmental","Aquatic","Marine","Intertidal zone",9446314,6952,1,"Genome Analysis","Whole Genome Sequencing",10,1183941,8262373,12.5333648659149
2509601017,748449,"Finished","Halobacteroides halobius DSM 5150","Firmicutes","Clostridia","Halanaerobiales","Halobacteroidaceae","Halobacteroides","Halobacteroides halobius","DSM 5150","Yes","Environmental","Aquatic","Marine","Oceanic",2649255,2633,1,"Genome Analysis","Whole Genome Sequencing",2,43768,2605487,1.65208709618364
2519103046,1121949,"Permanent Draft","Henriciella marina DSM 19595","Proteobacteria","Alphaproteobacteria","Rhodobacterales","Hyphomonadaceae","Henriciella","Henriciella marina","DSM 19595","Yes","Environmental","Aquatic","Marine","Unclassified",3277765,3260,2,"Genome Analysis","Whole Genome Sequencing",1,21904,3255861,0.668260232200905
2571042915,1123513,"Permanent Draft","Hydrogenovibrio marinus DSM 11271","Proteobacteria","Gammaproteobacteria","Thiotrichales","Piscirickettsiaceae","Hydrogenovibrio","Hydrogenovibrio marinus","DSM 11271","Yes","Environmental","Aquatic","Marine","Unclassified",2609305,2554,3,"Genome Analysis","Whole Genome Sequencing",1,35729,2573576,1.36929182291836
637000135,228405,"Finished","Hyphomonas neptunium ATCC 15444","Proteobacteria","Alphaproteobacteria","Rhodobacterales","Hyphomonadaceae","Hyphomonas","Hyphomonas neptunium","ATCC 15444","Yes","Environmental","Aquatic","Marine","Unclassified",3705021,3577,1,"Genome Analysis","Whole Genome Sequencing",1,108828,3596193,2.93731128649473
2509276026,926559,"Permanent Draft","Joostella marina DSM 19592","Bacteroidetes","Flavobacteriia","Flavobacteriales","Flavobacteriaceae","Joostella","Joostella marina","DSM 19592","Yes","Environmental","Aquatic","Marine","Coastal",4508243,4004,2,"Genome Analysis","Whole Genome Sequencing",1,59755,4448488,1.32546093899552
2718217880,1674922,"Finished","Labrenzia sp. CP4","Proteobacteria","Alphaproteobacteria","Rhodobacterales","Rhodobacteraceae","Labrenzia","Labrenzia sp. CP4","CP4","Yes","Environmental","Aquatic","Marine","",6051301,5626,2,"Genome Analysis","Whole Genome Sequencing",2,150978,5900323,2.49496761109718
650716044,983544,"Finished","Lacinutrix sp. 5H-3-7-4","Bacteroidetes","Flavobacteriia","Flavobacteriales","Flavobacteriaceae","Lacinutrix","Lacinutrix sp. 5H-3-7-4","5H-3-7-4","Yes","Environmental","Aquatic","Marine","Oceanic",3296168,3026,1,"Genome Analysis","Whole Genome Sequencing",1,40998,3255170,1.24380796124469
2512047087,999549,"Permanent Draft","Leisingera caerulea DSM 24564","Proteobacteria","Alphaproteobacteria","Rhodobacterales","Rhodobacteraceae","Leisingera","Leisingera caerulea","DSM 24564","Yes","Environmental","Aquatic","Marine","Coastal",5344419,5335,9,"Genome Analysis","Whole Genome Sequencing",3,86956,5257463,1.6270430892488
2512564009,999552,"Finished","Leisingera methylohalidivorans MB2, DSM 14336","Proteobacteria","Alphaproteobacteria","Rhodobacterales","Rhodobacteraceae","Leisingera","Leisingera methylohalidivorans","MB2, DSM 14336","Yes","Environmental","Aquatic","Marine","Neritic zone",4650996,4608,3,"Genome Analysis","Whole Genome Sequencing",4,201455,4449541,4.33143782536042
2517434011,1122180,"Permanent Draft","Loktanella hongkongensis DSM 17492","Proteobacteria","Alphaproteobacteria","Rhodobacterales","Rhodobacteraceae","Loktanella","Loktanella hongkongensis","UST950701-009P","Yes","Environmental","Aquatic","Marine","Unclassified",3187878,3152,17,"Genome Analysis","Whole Genome Sequencing",1,17661,3170217,0.554004889773072
2517487002,744983,"Permanent Draft","Loktanella sp. SE62","Proteobacteria","Alphaproteobacteria","Rhodobacterales","Rhodobacteraceae","Loktanella","Loktanella sp. SE62","SE62","Yes","Environmental","Aquatic","Marine","Intertidal zone",4581948,4641,13,"Genome Analysis","Whole Genome Sequencing",3,169483,4412465,3.69892892717246
2663763042,1622118,"Finished","Lutibacter profundi LP1","Bacteroidetes","Flavobacteriia","Flavobacteriales","Flavobacteriaceae","Lutibacter","Lutibacter profundi","LP1","Yes","Environmental","Aquatic","Marine","Hydrothermal vents",2966978,2699,1,"Genome Analysis","Whole Genome Sequencing",2,113777,2853201,3.83477733909722
639633036,156889,"Finished","Magnetococcus marinus MC-1","Proteobacteria","Alphaproteobacteria","Magnetococcales","Magnetococcaceae","Magnetococcus","Magnetococcus marinus","MC-1","Yes","Environmental","Aquatic","Marine","Neritic zone",4719581,3823,1,"Genome Analysis","Whole Genome Sequencing",7,586573,4133008,12.428497360253
650377991,225937,"Finished","Marinobacter adhaerens HP15","Proteobacteria","Gammaproteobacteria","Alteromonadales","Alteromonadaceae","Marinobacter","Marinobacter adhaerens","HP15","Yes","Environmental","Aquatic","Marine","Unclassified",4651725,4470,3,"Genome Analysis","Whole Genome Sequencing",4,190765,4460960,4.10095179745148
2540341173,1163748,"Finished","Marinobacter hydrocarbonoclasticus ATCC 49840","Proteobacteria","Gammaproteobacteria","Alteromonadales","Alteromonadaceae","Marinobacter","Marinobacter hydrocarbonoclasticus","ATCC 49840","Yes","Environmental","Aquatic","Marine","Oceanic",3989480,3863,1,"Genome Analysis","Whole Genome Sequencing",2,57504,3931976,1.44139085795643
2667527567,1420916,"Finished","Marinobacter similis A3d10","Proteobacteria","Gammaproteobacteria","Alteromonadales","Alteromonadaceae","Marinobacter","Marinobacter similis","A3d10","Yes","Environmental","Aquatic","Marine","Oceanic",3975896,4697,1,"Genome Analysis","Whole Genome Sequencing",2,122809,3853087,3.08883833983585
2634166328,1122198,"Permanent Draft","Marinobacterium georgiense DSM 11526","Proteobacteria","Gammaproteobacteria","Oceanospirillales","Oceanospirillaceae","Marinobacterium","Marinobacterium georgiense","DSM 11526","Yes","Environmental","Aquatic","Marine","Unclassified",3925261,3792,51,"Genome Analysis","Whole Genome Sequencing",1,16630,3908631,0.423666095069856
2506210002,717774,"Finished","Marinomonas mediterranea MMB-1, ATCC 700492","Proteobacteria","Gammaproteobacteria","Oceanospirillales","Oceanospirillaceae","Marinomonas","Marinomonas mediterranea","MMB-1, ATCC 700492","Yes","Environmental","Aquatic","Marine","Unclassified",4684316,4326,1,"Genome Analysis","Whole Genome Sequencing",2,60307,4624009,1.28742382025465
649633065,643867,"Finished","Marivirga tractuosa H-43, DSM 4126","Bacteroidetes","Cytophagia","Cytophagales","Flammeovirgaceae","Marivirga","Marivirga tractuosa","H-43, DSM 4126","Yes","Environmental","Aquatic","Marine","Intertidal zone",4516490,3857,2,"Genome Analysis","Whole Genome Sequencing",2,98219,4418271,2.17467546701089
2721755812,1920883,"Finished","Marivivens sp. JLT3646","Proteobacteria","Alphaproteobacteria","Rhodobacterales","Rhodobacteraceae","Marivivens","Marivivens sp. JLT3646","JLT3646","Yes","Environmental","Aquatic","Marine","Hydrothermal vents",3147211,3192,2,"Genome Analysis","Whole Genome Sequencing",1,23959,3123252,0.761277207025522
2619619303,1486262,"Finished","Martelella endophytica YC6887","Proteobacteria","Alphaproteobacteria","Rhizobiales","Aurantimonadaceae","Martelella","Martelella endophytica","YC6887","Yes","Environmental","Aquatic","Marine","Coastal",4817335,4530,1,"Genome Analysis","Whole Genome Sequencing",3,143732,4673603,2.98364137017666
2523231063,1122226,"Permanent Draft","Mesonia mobilis DSM 19841","Bacteroidetes","Flavobacteriia","Flavobacteriales","Flavobacteriaceae","Mesonia","Mesonia mobilis","DSM 19841","Yes","Environmental","Aquatic","Marine","Unclassified",3211040,3043,60,"Genome Analysis","Whole Genome Sequencing",1,15517,3195523,0.483239075190592
2728369379,1670800,"Finished","Mesorhizobium sp. B7","Proteobacteria","Alphaproteobacteria","Rhizobiales","Phyllobacteriaceae","Mesorhizobium","Mesorhizobium sp. B7","B7","Yes","Environmental","Aquatic","Marine","",5324561,5305,2,"Genome Analysis","Whole Genome Sequencing",5,243564,5080997,4.57434894632628
2504756059,857087,"Finished","Methylomonas methanica MC09","Proteobacteria","Gammaproteobacteria","Methylococcales","Methylococcaceae","Methylomonas","Methylomonas methanica","MC09","Yes","Environmental","Aquatic","Marine","Unclassified",5051681,4664,1,"Genome Analysis","Whole Genome Sequencing",2,106870,4944811,2.11553342342876
2630969007,207920,"Draft","Moorea bouillonii-heterotrophic bacteria co-culture from Papua New Guinea (One linear chromosome and 12 unmapped contigs)","Cyanobacteria","unclassified","Oscillatoriales","Oscillatoriaceae","Moorea","Moorea bouillonii","PNG 19MAY05-8","Yes","Environmental","Aquatic","Marine","Oceanic",8319104,7090,13,"Genome Analysis","Whole Genome Sequencing",3,304676,8014428,3.66236556244519
2630969006,489825,"Draft","Moorea producens-heterotrophic bacteria co-culture from Cura?ao (One linear chromosome and 78 unmapped contigs)","Cyanobacteria","unclassified","Oscillatoriales","Oscillatoriaceae","Moorea","Moorea producens","3L","Yes","Environmental","Aquatic","Marine","Oceanic",8371387,7184,79,"Genome Analysis","Whole Genome Sequencing",5,491636,7879751,5.87281414656854
2630968265,1454205,"Draft","Moorea producens-heterotrophic bacteria co-culture from Jamaica (Final Draft of Linear Chromosome and 2 Linear Plasmid Scaffolds)","Cyanobacteria","unclassified","Oscillatoriales","Oscillatoriaceae","Moorea","Moorea producens","JHB 22AUG96-1","Yes","Environmental","Aquatic","Marine","Oceanic",9384763,7620,3,"Genome Analysis","Whole Genome Sequencing",8,784333,8600430,8.35751526170666
2630968265,1454205,"Draft","Moorea producens-heterotrophic bacteria co-culture from Jamaica (Final Draft of Linear Chromosome and 2 Linear Plasmid Scaffolds)","Cyanobacteria","unclassified","Oscillatoriales","Oscillatoriaceae","Moorea","Moorea producens","JHB 22AUG96-1","Yes","Environmental","Aquatic","Marine","Oceanic",9384763,7620,3,"Genome Analysis","Whole Genome Sequencing",1,9474,9375289,0.100950871108839
2630968268,1155739,"Draft","Moorea producens-heterotrophic bacteria co-culture from Palmyra Atoll (Complete Genome, 1 Circular Chromosome and 1 Circular Plasmid)","Cyanobacteria","unclassified","Oscillatoriales","Oscillatoriaceae","Moorea","Moorea producens","PAL 15AUG08-1","Yes","Environmental","Aquatic","Marine","Oceanic",9708656,7698,2,"Genome Analysis","Whole Genome Sequencing",5,502912,9205744,5.18003727807433
2718217854,1458985,"Finished","Moorea producens PAL-8-15-08-1","Cyanobacteria","unclassified","Oscillatoriales","Oscillatoriaceae","Moorea","Moorea producens","PAL-8-15-08-1","Yes","Environmental","Aquatic","Marine","",9708656,7441,2,"Genome Analysis","Whole Genome Sequencing",5,502912,9205744,5.18003727807433
2501651208,58051,"Permanent Draft","Moritella sp. PE36","Proteobacteria","Gammaproteobacteria","Alteromonadales","Moritellaceae","Moritella","Moritella sp. PE36","PE36","Yes","Environmental","Aquatic","Marine","Coastal",5286066,4854,26,"Genome Analysis","Whole Genome Sequencing",1,50709,5235357,0.959295627409874
2508501106,710685,"Finished","Mycobacterium rhodesiae NBB3","Actinobacteria","Actinobacteria","Corynebacteriales","Mycobacteriaceae","Mycobacterium","Mycobacterium rhodesiae","NBB3","Yes","Environmental","Aquatic","Marine","Intertidal zone",6415739,6342,1,"Genome Analysis","Whole Genome Sequencing",1,91421,6324318,1.42494886403577
2540341250,1120797,"Permanent Draft","Mycobacterium sp. 141","Actinobacteria","Actinobacteria","Corynebacteriales","Mycobacteriaceae","Mycobacterium","Mycobacterium sp. 141","141","Yes","Environmental","Aquatic","Marine","Hydrothermal vents",4544736,4445,3,"Genome Analysis","Whole Genome Sequencing",2,119141,4425595,2.62151640931398
650716065,483219,"Finished","Myxococcus fulvus HW-1","Proteobacteria","Deltaproteobacteria","Myxococcales","Myxococcaceae","Myxococcus","Myxococcus fulvus","HW-1","Yes","Environmental","Aquatic","Marine","Unclassified",9003593,7362,1,"Genome Analysis","Whole Genome Sequencing",7,880893,8122700,9.78379409198084
2516493030,1069081,"Draft","Nitratiruptor tergarcus DSM 16512","Proteobacteria","Epsilonproteobacteria","unclassified","unclassified","Nitratiruptor","Nitratiruptor tergarcus","DSM 16512","Yes","Environmental","Aquatic","Marine","Hydrothermal vents",1929433,2039,2,"Genome Analysis","Whole Genome Sequencing",1,44643,1884790,2.31378855860763
646564556,472759,"Finished","Nitrosococcus halophilus Nc4","Proteobacteria","Gammaproteobacteria","Chromatiales","Chromatiaceae","Nitrosococcus","Nitrosococcus halophilus","Nc4","Yes","Environmental","Aquatic","Marine","",4145260,4086,2,"Genome Analysis","Whole Genome Sequencing",1,80586,4064674,1.94405176032384
637000194,323261,"Finished","Nitrosococcus oceani C-107","Proteobacteria","Gammaproteobacteria","Chromatiales","Chromatiaceae","Nitrosococcus","Nitrosococcus oceani","C-107","Yes","Environmental","Aquatic","Marine","Oceanic",3522111,3190,2,"Genome Analysis","Whole Genome Sequencing",1,65895,3456216,1.87089503993486
2596583682,314229,"Permanent Draft","Nitrospira marina Nb-295","Nitrospirae","Nitrospira","Nitrospirales","Nitrospiraceae","Nitrospira","Nitrospira marina","Nb-295","Yes","Environmental","Aquatic","Marine","Unclassified",4689205,4277,1,"Genome Analysis","Whole Genome Sequencing",2,222945,4466260,4.75443065508972
2562617131,313624,"Finished","Nodularia spumigena CCY9414","Cyanobacteria","unclassified","Nostocales","Aphanizomenonaceae","Nodularia","Nodularia spumigena","CCY9414","Yes","Environmental","Aquatic","Marine","Unclassified",5465271,5363,1,"Genome Analysis","Whole Genome Sequencing",1,35332,5429939,0.646482123210359
2540341128,592029,"Finished","Nonlabens dokdonensis DSW-6","Bacteroidetes","Flavobacteriia","Flavobacteriales","Flavobacteriaceae","Nonlabens","Nonlabens dokdonensis","DSW-6","Yes","Environmental","Aquatic","Marine","Unclassified",3914632,3666,1,"Genome Analysis","Whole Genome Sequencing",6,517950,3396682,13.2311287497778
2622736623,1476901,"Permanent Draft","Nonlabens sp. MIC269","Bacteroidetes","Flavobacteriia","Flavobacteriales","Flavobacteriaceae","Nonlabens","Nonlabens sp. MIC269","MIC269","Yes","Environmental","Aquatic","Marine","",2884293,2598,1,"Genome Analysis","Whole Genome Sequencing",2,74319,2809974,2.57667996975342
2512564006,391616,"Finished","Octadecabacter arcticus 238, DSM 13978","Proteobacteria","Alphaproteobacteria","Rhodobacterales","Rhodobacteraceae","Octadecabacter","Octadecabacter arcticus","238","Yes","Environmental","Aquatic","Marine","Unclassified",5478249,5149,3,"Genome Analysis","Whole Genome Sequencing",1,67647,5410602,1.23482886593873
2508501098,926562,"Finished","Owenweeksia hongkongensis DSM 17368","Bacteroidetes","Flavobacteriia","Flavobacteriales","Cryomorphaceae","Owenweeksia","Owenweeksia hongkongensis","DSM 17368","Yes","Environmental","Aquatic","Marine","Unclassified",4000057,3563,1,"Genome Analysis","Whole Genome Sequencing",1,62161,3937896,1.55400285545931
639633005,290340,"Finished","Paenarthrobacter aurescens TC1","Actinobacteria","Actinobacteria","Micrococcales","Micrococcaceae","Paenarthrobacter","Paenarthrobacter aurescens","TC1","Yes","Environmental","Aquatic","Marine","Hydrothermal vents",5226648,4793,3,"Genome Analysis","Whole Genome Sequencing",1,60640,5166008,1.16020822523346
648028050,314260,"Finished","Parvularcula bermudensis HTCC2503","Proteobacteria","Alphaproteobacteria","Parvularculales","Parvularculaceae","Parvularcula","Parvularcula bermudensis","HTCC 2503","Yes","Environmental","Aquatic","Marine","Unclassified",2902643,2733,1,"Genome Analysis","Whole Genome Sequencing",2,123732,2778911,4.26273572051403
2511231054,1082931,"Finished","Pelagibacterium halotolerans B2","Proteobacteria","Alphaproteobacteria","Rhizobiales","Hyphomicrobiaceae","Pelagibacterium","Pelagibacterium halotolerans","B2","Yes","Environmental","Aquatic","Marine","Marginal Sea",3948887,3940,2,"Genome Analysis","Whole Genome Sequencing",3,117405,3831482,2.97311622236848
2585428090,1121324,"Permanent Draft","Peptoclostridium litorale DSM 5388","Firmicutes","Clostridia","Clostridiales","Peptostreptococcaceae","Peptoclostridium","Peptoclostridium litorale","DSM 5388","Yes","Environmental","Aquatic","Marine","Oceanic",3197617,3019,38,"Genome Analysis","Whole Genome Sequencing",1,20982,3176635,0.656176146173854
643692030,123214,"Finished","Persephonella marina EX-H1","Aquificae","Aquificae","Aquificales","Hydrogenothermaceae","Persephonella","Persephonella marina","EX-H1","Yes","Environmental","Aquatic","Marine","Hydrothermal vents",1983966,2095,2,"Genome Analysis","Whole Genome Sequencing",1,36920,1947046,1.86091898752297
643692030,123214,"Finished","Persephonella marina EX-H1","Aquificae","Aquificae","Aquificales","Hydrogenothermaceae","Persephonella","Persephonella marina","EX-H1","Yes","Environmental","Aquatic","Marine","Hydrothermal vents",1983966,2095,2,"Genome Analysis","Whole Genome Sequencing",1,53682,1930284,2.70579233716707
2645727918,658445,"Finished","Photobacterium gaetbulicola Gung47","Proteobacteria","Gammaproteobacteria","Vibrionales","Vibrionaceae","Photobacterium","Photobacterium gaetbulicola","Gung47","Yes","Environmental","Aquatic","Marine","Coastal",5909413,5448,2,"Genome Analysis","Whole Genome Sequencing",1,40709,5868704,0.688883988985031
637000206,298386,"Finished","Photobacterium profundum SS9","Proteobacteria","Gammaproteobacteria","Vibrionales","Vibrionaceae","Photobacterium","Photobacterium profundum","SS9","Yes","Environmental","Aquatic","Marine","Unclassified",6403280,5746,3,"Genome Analysis","Whole Genome Sequencing",1,52074,6351206,0.813239464774303
2548877138,666509,"Finished","Planktomarina temperata RCA23, DSM 22400 (RCA23)","Proteobacteria","Alphaproteobacteria","Rhodobacterales","Rhodobacteraceae","Planktomarina","Planktomarina temperata","RCA23","Yes","Environmental","Aquatic","Marine","Unclassified",3288122,3101,1,"Genome Analysis","Whole Genome Sequencing",2,173261,3114861,5.26929961844481
2558860973,1250006,"Permanent Draft","Polaribacter sp. Hel_I_88","Bacteroidetes","Flavobacteriia","Flavobacteriales","Flavobacteriaceae","Polaribacter","Polaribacter sp. Hel_I_88","Hel_I_88","Yes","Environmental","Aquatic","Marine","Unclassified",3996527,3552,1,"Genome Analysis","Whole Genome Sequencing",3,143214,3853313,3.58346134030872
638341218,313598,"Finished","Polaribacter sp. MED152","Bacteroidetes","Flavobacteriia","Flavobacteriales","Flavobacteriaceae","Polaribacter","Polaribacter sp. MED152","MED152","Yes","Environmental","Aquatic","Marine","Unclassified",2967100,2723,2,"Genome Analysis","Whole Genome Sequencing",1,16704,2950396,0.562973947625628
2675903049,530584,"Permanent Draft","Prauserella marina CGMCC 4.5506","Actinobacteria","Actinobacteria","Pseudonocardiales","Pseudonocardiaceae","Prauserella","Prauserella marina","CGMCC 4.5506","Yes","Environmental","Aquatic","Marine","Oceanic",6980949,6623,22,"Genome Analysis","Whole Genome Sequencing",1,95787,6885162,1.37212003697492
640069323,59922,"Finished","Prochlorococcus sp. MIT9303","Cyanobacteria","unclassified","Synechococcales","Prochloraceae","Prochlorococcus","Prochlorococcus marinus","MIT9303","Yes","Environmental","Aquatic","Marine","Pelagic",2682675,3133,1,"Genome Analysis","Whole Genome Sequencing",4,336385,2346290,12.539163335104
2574179702,1123000,"Permanent Draft","Propionigenium maris DSM 9537","Fusobacteria","Fusobacteriia","Fusobacteriales","Fusobacteriaceae","Propionigenium","Propionigenium maris","DSM 9537","Yes","Environmental","Aquatic","Marine","Intertidal zone",4109009,4052,64,"Genome Analysis","Whole Genome Sequencing",2,55132,4053877,1.34173471024279
637000216,342610,"Finished","Pseudoalteromonas atlantica T6c","Proteobacteria","Gammaproteobacteria","Alteromonadales","Pseudoalteromonadaceae","Pseudoalteromonas","Pseudoalteromonas atlantica","T6c","Yes","Environmental","Aquatic","Marine","Unclassified",5187005,4405,1,"Genome Analysis","Whole Genome Sequencing",1,52133,5134872,1.00506939939329
637000217,326442,"Finished","Pseudoalteromonas haloplanktis TAC125","Proteobacteria","Gammaproteobacteria","Alteromonadales","Pseudoalteromonadaceae","Pseudoalteromonas","Pseudoalteromonas haloplanktis","TAC125","Yes","Environmental","Aquatic","Marine","Neritic zone",3850272,3634,2,"Genome Analysis","Whole Genome Sequencing",1,35778,3814494,0.929233051587005
2667527504,283699,"Finished","Pseudoalteromonas sp. Bsw20308","Proteobacteria","Gammaproteobacteria","Alteromonadales","Pseudoalteromonadaceae","Pseudoalteromonas","Pseudoalteromonas sp. Bsw20308","Bsw20308","Yes","Environmental","Aquatic","Marine","Unclassified",4830226,4294,2,"Genome Analysis","Whole Genome Sequencing",1,38039,4792187,0.787520087051827
2513020040,114053,"Draft","Pseudoalteromonas sp. PRT007 (unscreened)","Proteobacteria","Gammaproteobacteria","Alteromonadales","Pseudoalteromonadaceae","Pseudoalteromonas","uncultured Pseudoalteromonas sp.","PRT007","No","Environmental","Aquatic","Marine","Unclassified",2671276,3247,965,"Single Cell Analysis (unscreened)","Whole Genome Sequencing",1,51112,2620164,1.91339270071681
2518645506,114053,"Draft","Pseudoalteromonas sp. PRT007 (unscreened)","Proteobacteria","Gammaproteobacteria","Alteromonadales","Pseudoalteromonadaceae","Pseudoalteromonas","uncultured Pseudoalteromonas sp.","PRT007","No","Environmental","Aquatic","Marine","Unclassified",3364473,4125,1446,"Single Cell Analysis (unscreened)","Whole Genome Sequencing",1,51146,3313327,1.52017864313371
2667527387,364197,"Permanent Draft","Pseudomonas pohangensis DSM 17875","Proteobacteria","Gammaproteobacteria","Pseudomonadales","Pseudomonadaceae","Pseudomonas","Pseudomonas pohangensis","DSM 17875","Yes","Environmental","Aquatic","Marine","Intertidal zone",3769589,3544,1,"Genome Analysis","Whole Genome Sequencing",2,113739,3655850,3.01727854150678
2518645567,1196835,"Finished","Pseudomonas stutzeri AN10, CCUG 29243","Proteobacteria","Gammaproteobacteria","Pseudomonadales","Pseudomonadaceae","Pseudomonas","Pseudomonas stutzeri","AN10, CCUG 29243","Yes","Environmental","Aquatic","Marine","Marginal Sea",4709064,4374,1,"Genome Analysis","Whole Genome Sequencing",1,41491,4667573,0.881088046371848
2521172622,999550,"Permanent Draft","Pseudophaeobacter arcticus DSM 23566","Proteobacteria","Alphaproteobacteria","Rhodobacterales","Rhodobacteraceae","Pseudophaeobacter","Pseudophaeobacter arcticus","DSM 23566","Yes","Environmental","Aquatic","Marine","Oceanic",5049234,4889,6,"Genome Analysis","Whole Genome Sequencing",6,242442,4806792,4.80155999900183
2524614854,1123032,"Permanent Draft","Psychrilyobacter atlanticus DSM 19335","Fusobacteria","Fusobacteriia","Fusobacteriales","Fusobacteriaceae","Psychrilyobacter","Psychrilyobacter atlanticus","DSM 19335","Yes","Environmental","Aquatic","Marine","Oceanic",3539325,3414,3,"Genome Analysis","Whole Genome Sequencing",3,192108,3347217,5.42781462567015
2718218092,1720344,"Finished","Psychrobacter sp. AntiMn-1","Proteobacteria","Gammaproteobacteria","Pseudomonadales","Moraxellaceae","Psychrobacter","Psychrobacter sp. AntiMn-1","AntiMn-1","Yes","Environmental","Aquatic","Marine","Oceanic",3138120,2768,1,"Genome Analysis","Whole Genome Sequencing",1,40969,3097151,1.30552687596395
639633052,357804,"Finished","Psychromonas ingrahamii 37","Proteobacteria","Gammaproteobacteria","Alteromonadales","Psychromonadaceae","Psychromonas","Psychromonas ingrahamii","37","Yes","Environmental","Aquatic","Marine","Unclassified",4559598,3877,1,"Genome Analysis","Whole Genome Sequencing",1,45541,4514057,0.998794191944114
650716078,1007105,"Finished","Pusillimonas sp. T7-7","Proteobacteria","Betaproteobacteria","Burkholderiales","Alcaligenaceae","Pusillimonas","Pusillimonas sp. T7-7","T7-7","Yes","Environmental","Aquatic","Marine","Oceanic",3924810,3826,2,"Genome Analysis","Whole Genome Sequencing",1,129230,3795580,3.29264346554356
644736401,395491,"Finished","Rhizobium leguminosarum bv. trifolii WSM1325","Proteobacteria","Alphaproteobacteria","Rhizobiales","Rhizobiaceae","Rhizobium","Rhizobium leguminosarum","WSM1325","Yes","Environmental","Aquatic","Marine","Intertidal zone",7418122,7292,6,"Genome Analysis","Whole Genome Sequencing",1,24260,7393862,0.327036950861687
2718218090,1850250,"Finished","Rhodobacter sp. LPB0142","Proteobacteria","Alphaproteobacteria","Rhodobacterales","Rhodobacteraceae","Rhodobacter","Rhodobacter sp. LPB0142","LPB0142","Yes","Environmental","Aquatic","Marine","",3780829,3783,4,"Genome Analysis","Whole Genome Sequencing",4,263524,3517305,6.97000578444569
643348570,557760,"Finished","Rhodobacter sphaeroides KD131","Proteobacteria","Alphaproteobacteria","Rhodobacterales","Rhodobacteraceae","Rhodobacter","Rhodobacter sphaeroides","KD131","Yes","Environmental","Aquatic","Marine","Oceanic",4711139,4635,4,"Genome Analysis","Whole Genome Sequencing",2,91721,4619418,1.94689649360802
647533202,314270,"Permanent Draft","Rhodobacterales sp. HTCC2083","Proteobacteria","Alphaproteobacteria","Rhodobacterales","Rhodobacteraceae","unclassified","Rhodobacteraceae bacterium HTCC2083","HTCC2083","Yes","Environmental","Aquatic","Marine","Unclassified",4018415,4226,5,"Genome Analysis","Whole Genome Sequencing",1,58876,3959539,1.46515479361888
647533203,439496,"Permanent Draft","Rhodobacterales sp. Y4I","Proteobacteria","Alphaproteobacteria","Rhodobacterales","unclassified","unclassified","Rhodobacterales bacterium Y4I","Y4I","Yes","Environmental","Aquatic","Marine","Neritic zone",4344244,4206,5,"Genome Analysis","Whole Genome Sequencing",1,61753,4282491,1.42149013729431
643692033,234621,"Finished","Rhodococcus erythropolis PR4","Actinobacteria","Actinobacteria","Corynebacteriales","Nocardiaceae","Rhodococcus","Rhodococcus erythropolis","PR4","Yes","Environmental","Aquatic","Marine","Unclassified",6895538,6505,4,"Genome Analysis","Whole Genome Sequencing",4,148271,6747267,2.15024556459554
637000236,243090,"Finished","Rhodopirellula baltica SH 1","Planctomycetes","Planctomycetia","Planctomycetales","Planctomycetaceae","Rhodopirellula","Rhodopirellula baltica","SH 1","Yes","Environmental","Aquatic","Marine","Coastal",7145576,7414,1,"Genome Analysis","Whole Genome Sequencing",3,222717,6922859,3.11685160160636
2667527571,1188256,"Finished","Rhodovulum sulfidophilum DSM 1374","Proteobacteria","Alphaproteobacteria","Rhodobacterales","Rhodobacteraceae","Rhodovulum","Rhodovulum sulfidophilum","DSM 1374","Yes","Environmental","Aquatic","Marine","Intertidal zone",4346304,4104,3,"Genome Analysis","Whole Genome Sequencing",5,401639,3944665,9.24093206549749
2687453592,1188256,"Finished","Rhodovulum sulfidophilum DSM 1374","Proteobacteria","Alphaproteobacteria","Rhodobacterales","Rhodobacteraceae","Rhodovulum","Rhodovulum sulfidophilum","DSM 1374","Yes","Environmental","Aquatic","Marine","Intertidal zone",4347929,4113,3,"Genome Analysis","Whole Genome Sequencing",5,403842,3944087,9.28814614958064
646311950,313596,"Finished","Robiginitalea biformata HTCC2501","Bacteroidetes","Flavobacteriia","Flavobacteriales","Flavobacteriaceae","Robiginitalea","Robiginitalea biformata","HTCC2501","Yes","Environmental","Aquatic","Marine","Unclassified",3530383,3255,1,"Genome Analysis","Whole Genome Sequencing",3,108621,3421762,3.07674833013868
647533205,391589,"Permanent Draft","Roseobacter sp. GAI101","Proteobacteria","Alphaproteobacteria","Rhodobacterales","Rhodobacteraceae","Roseobacter","Roseobacter sp. GAI101","GAI101","Yes","Environmental","Aquatic","Marine","Neritic zone",4527951,4258,9,"Genome Analysis","Whole Genome Sequencing",1,20050,4507901,0.442805145197022
637000267,246200,"Finished","Ruegeria pomeroyi DSS-3","Proteobacteria","Alphaproteobacteria","Rhodobacterales","Rhodobacteraceae","Ruegeria","Ruegeria pomeroyi","DSS-3","Yes","Environmental","Aquatic","Marine","Unclassified",4601053,4355,2,"Genome Analysis","Whole Genome Sequencing",1,24354,4576699,0.529313615817944
2508501012,882083,"Permanent Draft","Saccharomonospora marina XMU15, DSM 45390","Actinobacteria","Actinobacteria","Pseudonocardiales","Pseudonocardiaceae","Saccharomonospora","Saccharomonospora marina","XMU15","Yes","Environmental","Aquatic","Marine","Oceanic",5965593,5784,1,"Genome Analysis","Whole Genome Sequencing",3,249432,5716161,4.18117695927295
637000249,203122,"Finished","Saccharophagus degradans 2-40","Proteobacteria","Gammaproteobacteria","Cellvibrionales","Cellvibrionaceae","Saccharophagus","Saccharophagus degradans","Feb-40","Yes","Environmental","Aquatic","Marine","Intertidal zone",5057531,4114,1,"Genome Analysis","Whole Genome Sequencing",4,137410,4920121,2.71693836379846
2718217993,1729720,"Finished","Salegentibacter sp. T436","Bacteroidetes","Flavobacteriia","Flavobacteriales","Flavobacteriaceae","Salegentibacter","Salegentibacter sp. T436","T436","Yes","Environmental","Aquatic","Marine","",4086550,3695,1,"Genome Analysis","Whole Genome Sequencing",1,73382,4013168,1.79569563568291
2556921662,1307761,"Finished","Salinispira pacifica L21-RPul-D2","Spirochaetes","Spirochaetia","Spirochaetales","Spirochaetaceae","Salinispira","Salinispira pacifica","L21-RPul-D2","Yes","Environmental","Aquatic","Marine","Coastal",3782798,3500,1,"Genome Analysis","Whole Genome Sequencing",2,160126,3622672,4.23300424712078
2515154125,1136430,"Permanent Draft","Salinispora arenicola CNH964","Actinobacteria","Actinobacteria","Micromonosporales","Micromonosporaceae","Salinispora","Salinispora arenicola","CNH964","Yes","Environmental","Aquatic","Marine","Oceanic",5912993,5426,70,"Genome Analysis","Whole Genome Sequencing",1,27713,5885280,0.468679736302749
2515154187,1137258,"Permanent Draft","Salinispora arenicola CNX891","Actinobacteria","Actinobacteria","Micromonosporales","Micromonosporaceae","Salinispora","Salinispora arenicola","CNX891","Yes","Environmental","Aquatic","Marine","Unclassified",5731186,5275,92,"Genome Analysis","Whole Genome Sequencing",1,14773,5716413,0.257765146690406
2512564032,984262,"Finished","Saprospira grandis Lewin","Bacteroidetes","Saprospiria","Saprospirales","Saprospiraceae","Saprospira","Saprospira grandis","Lewin","Yes","Environmental","Aquatic","Marine","Intertidal zone",4400185,4324,2,"Genome Analysis","Whole Genome Sequencing",7,933259,3466926,21.2095400534296
2558860975,1392490,"Permanent Draft","Sediminibacter sp. Hel_I_10","Bacteroidetes","Flavobacteriia","Flavobacteriales","Flavobacteriaceae","Sediminibacter","Sediminibacter sp. Hel_I_10","Hel_I_10","Yes","Environmental","Aquatic","Marine","Unclassified",4106053,3688,1,"Genome Analysis","Whole Genome Sequencing",4,192552,3913501,4.68946698934475
2526164535,104623,"Permanent Draft","Serratia sp. ATCC 39006","Proteobacteria","Gammaproteobacteria","Enterobacterales","Yersiniaceae","Serratia","Serratia sp. ATCC 39006","ATCC 39006","Yes","Environmental","Aquatic","Marine","Intertidal zone",4947661,4578,1,"Genome Analysis","Whole Genome Sequencing",3,120446,4827215,2.43440284207022
651053066,693970,"Finished","Shewanella baltica OS117","Proteobacteria","Gammaproteobacteria","Alteromonadales","Shewanellaceae","Shewanella","Shewanella baltica","OS117","Yes","Environmental","Aquatic","Marine","Unclassified",5526018,4985,4,"Genome Analysis","Whole Genome Sequencing",4,155457,5370561,2.81318301894782
640069330,325240,"Finished","Shewanella baltica OS155","Proteobacteria","Gammaproteobacteria","Alteromonadales","Shewanellaceae","Shewanella","Shewanella baltica","OS155","Yes","Environmental","Aquatic","Marine","Unclassified",5342896,4741,5,"Genome Analysis","Whole Genome Sequencing",3,114035,5228861,2.13432939739048
640753049,402882,"Finished","Shewanella baltica OS185","Proteobacteria","Gammaproteobacteria","Alteromonadales","Shewanellaceae","Shewanella","Shewanella baltica","OS185","Yes","Environmental","Aquatic","Marine","Unclassified",5312910,4618,2,"Genome Analysis","Whole Genome Sequencing",2,89900,5223010,1.69210470344877
641228507,399599,"Finished","Shewanella baltica OS195","Proteobacteria","Gammaproteobacteria","Alteromonadales","Shewanellaceae","Shewanella","Shewanella baltica","OS195","Yes","Environmental","Aquatic","Marine","Unclassified",5547544,4857,4,"Genome Analysis","Whole Genome Sequencing",5,300470,5247074,5.41627069564478
643348574,407976,"Finished","Shewanella baltica OS223","Proteobacteria","Gammaproteobacteria","Alteromonadales","Shewanellaceae","Shewanella","Shewanella baltica","OS223","Yes","Environmental","Aquatic","Marine","Unclassified",5358884,4622,4,"Genome Analysis","Whole Genome Sequencing",2,97599,5261285,1.82125606749465
2507262035,693972,"Permanent Draft","Shewanella baltica OS625","Proteobacteria","Gammaproteobacteria","Alteromonadales","Shewanellaceae","Shewanella","Shewanella baltica","OS625","Yes","Environmental","Aquatic","Marine","Marginal Sea",5225715,4639,3,"Genome Analysis","Whole Genome Sequencing",2,83426,5142289,1.59645139468953
2630968672,693973,"Finished","Shewanella baltica OS678","Proteobacteria","Gammaproteobacteria","Alteromonadales","Shewanellaceae","Shewanella","Shewanella baltica","OS678","Yes","Environmental","Aquatic","Marine","Unclassified",5368767,4782,2,"Genome Analysis","Whole Genome Sequencing",3,120493,5248274,2.24433282353285
2524023135,318161,"Finished","Shewanella denitrificans OS217","Proteobacteria","Gammaproteobacteria","Alteromonadales","Shewanellaceae","Shewanella","Shewanella denitrificans","OS217","Yes","Environmental","Aquatic","Marine","Unclassified",4545906,3920,1,"Genome Analysis","Whole Genome Sequencing",2,59927,4485979,1.31826307011188
2524023134,318167,"Finished","Shewanella frigidimarina NCIMB 400","Proteobacteria","Gammaproteobacteria","Alteromonadales","Shewanellaceae","Shewanella","Shewanella frigidimarina","NCIMB 400","Yes","Environmental","Aquatic","Marine","Unclassified",4845257,4174,1,"Genome Analysis","Whole Genome Sequencing",1,46257,4799000,0.954686201371775
641522648,458817,"Finished","Shewanella halifaxensis HAW-EB4","Proteobacteria","Gammaproteobacteria","Alteromonadales","Shewanellaceae","Shewanella","Shewanella halifaxensis","HAW-EB4","Yes","Environmental","Aquatic","Marine","Oceanic",5226917,4462,1,"Genome Analysis","Whole Genome Sequencing",1,48936,5177981,0.936230669054052
643348575,225849,"Finished","Shewanella piezotolerans WP3","Proteobacteria","Gammaproteobacteria","Alteromonadales","Shewanellaceae","Shewanella","Shewanella piezotolerans","WP3","Yes","Environmental","Aquatic","Marine","Oceanic",5396476,5047,1,"Genome Analysis","Whole Genome Sequencing",2,29212,5367264,0.541316221919638
637000260,60481,"Finished","Shewanella sp. MR-7","Proteobacteria","Gammaproteobacteria","Alteromonadales","Shewanellaceae","Shewanella","Shewanella sp. MR-7","MR-7","Yes","Environmental","Aquatic","Marine","Unclassified",4799109,4172,2,"Genome Analysis","Whole Genome Sequencing",2,70779,4728330,1.47483626648197
639633059,351745,"Finished","Shewanella sp. W3-18-1","Proteobacteria","Gammaproteobacteria","Alteromonadales","Shewanellaceae","Shewanella","Shewanella sp. W3-18-1","W3-18-1","Yes","Environmental","Aquatic","Marine","Oceanic",4708380,4237,1,"Genome Analysis","Whole Genome Sequencing",2,111730,4596650,2.37300302864255
646564568,637905,"Finished","Shewanella violacea DSS12","Proteobacteria","Gammaproteobacteria","Alteromonadales","Shewanellaceae","Shewanella","Shewanella violacea","DSS12","Yes","Environmental","Aquatic","Marine","Oceanic",4962103,4515,1,"Genome Analysis","Whole Genome Sequencing",1,23718,4938385,0.477982823008712
2519103097,1117647,"Finished","Simiduia agarivorans SA1","Proteobacteria","Gammaproteobacteria","Cellvibrionales","Cellvibrionaceae","Simiduia","Simiduia agarivorans","SA1","Yes","Environmental","Aquatic","Marine","Coastal",4309711,3836,1,"Genome Analysis","Whole Genome Sequencing",1,36814,4272897,0.85421040993236
650716086,693982,"Finished","Sinorhizobium meliloti AK83","Proteobacteria","Alphaproteobacteria","Rhizobiales","Rhizobiaceae","Sinorhizobium","Sinorhizobium meliloti","AK83","Yes","Environmental","Aquatic","Marine","Unclassified",7140471,7022,5,"Genome Analysis","Whole Genome Sequencing",5,280423,6860048,3.92723393176725
2597490345,693982,"Permanent Draft","Sinorhizobium meliloti DSM 23913","Proteobacteria","Alphaproteobacteria","Rhizobiales","Rhizobiaceae","Sinorhizobium","Sinorhizobium meliloti","AK83","Yes","Environmental","Aquatic","Marine","Unclassified",6919612,6854,184,"Genome Analysis","Whole Genome Sequencing",1,7887,6911725,0.113980379246698
2524614570,1123270,"Permanent Draft","Sphingopyxis baekryungensis DSM 16222","Proteobacteria","Alphaproteobacteria","Sphingomonadales","Sphingomonadaceae","Sphingopyxis","Sphingopyxis baekryungensis","DSM 16222","Yes","Environmental","Aquatic","Marine","Marginal Sea",3068208,2964,10,"Genome Analysis","Whole Genome Sequencing",1,29374,3038834,0.957366645286108
2718217855,1913578,"Finished","Sphingopyxis sp. LPB0140","Proteobacteria","Alphaproteobacteria","Sphingomonadales","Sphingomonadaceae","Sphingopyxis","Sphingopyxis sp. LPB0140","LPB0140","Yes","Environmental","Aquatic","Marine","",2533041,2419,1,"Genome Analysis","Whole Genome Sequencing",2,30980,2502061,1.22303586874433
2264265209,1130382,"Draft","Spirochaetes bacterium SCGC AAA257-G10 (unscreened)","Spirochaetes","unclassified","unclassified","unclassified","unclassified","Spirochaetes bacterium SCGC AAA257-G10","SCGC AAA257-G10","No","Environmental","Aquatic","Marine","Coastal",1369981,1381,280,"Single Cell Analysis (unscreened)","Whole Genome Sequencing",1,8879,1361102,0.648111178184223
2264265210,1130383,"Draft","Spirochaetes bacterium SCGC AAA257-P05 (unscreened)","Spirochaetes","unclassified","unclassified","unclassified","unclassified","Spirochaetes bacterium SCGC AAA257-P05","SCGC AAA257-P05","No","Environmental","Aquatic","Marine","Coastal",421218,549,141,"Single Cell Analysis (unscreened)","Whole Genome Sequencing",1,8869,412349,2.10556054109748
2718218446,1715860,"Finished","Staphylococcus sp. AntiMn-1","Firmicutes","Bacilli","Bacillales","Staphylococcaceae","Staphylococcus","Staphylococcus sp. AntiMn-1","AntiMn-1","Yes","Environmental","Aquatic","Marine","Oceanic",2738396,2831,2,"Genome Analysis","Whole Genome Sequencing",2,59975,2678421,2.19015073057366
647533230,391601,"Permanent Draft","Stenotrophomonas sp. SKA14","Proteobacteria","Gammaproteobacteria","Xanthomonadales","Xanthomonadaceae","Stenotrophomonas","Stenotrophomonas sp. SKA14","SKA14","Yes","Environmental","Aquatic","Marine","Unclassified",5020454,4543,3,"Genome Analysis","Whole Genome Sequencing",9,404887,4615567,8.06474872591204
2675903130,417292,"Permanent Draft","Streptomyces indicus CGMCC 4.5727","Actinobacteria","Actinobacteria","Streptomycetales","Streptomycetaceae","Streptomyces","Streptomyces indicus","CGMCC 4.5727","Yes","Environmental","Aquatic","Marine","Oceanic",8228196,7483,45,"Genome Analysis","Whole Genome Sequencing",1,62152,8166044,0.755353907466473
2519103181,1167759,"Draft","Streptomyces sp. LaPpAH-185","Actinobacteria","Actinobacteria","Streptomycetales","Streptomycetaceae","Streptomyces","Streptomyces sp. LaPpAH-185","LaPpAH-185","Yes","Environmental","Aquatic","Marine","Unclassified",9743327,8599,63,"Genome Analysis","Whole Genome Sequencing",1,5643,9737684,0.0579165617658116
2588253841,1300350,"Permanent Draft","Sulfitobacter donghicola JCM 14565","Proteobacteria","Alphaproteobacteria","Rhodobacterales","Rhodobacteraceae","Sulfitobacter","Sulfitobacter donghicola","DSW-25","Yes","Environmental","Aquatic","Marine","Unclassified",3513202,3476,92,"Genome Analysis","Whole Genome Sequencing",1,14468,3498734,0.411818050883496
2510917010,1051632,"Finished","Sulfobacillus acidophilus TPY","Firmicutes","Clostridia","Clostridiales","Clostridiales Family XVII. Incertae Sedis","Sulfobacillus","Sulfobacillus acidophilus","TPY","Yes","Environmental","Aquatic","Marine","Hydrothermal vents",3551206,3837,1,"Genome Analysis","Whole Genome Sequencing",4,410073,3141133,11.5474292395316
640753056,387093,"Finished","Sulfurovum sp. NBC37-1","Proteobacteria","Epsilonproteobacteria","unclassified","unclassified","Sulfurovum","Sulfurovum sp. NBC37-1","NBC37-1","Yes","Environmental","Aquatic","Marine","Hydrothermal vents",2562277,2525,1,"Genome Analysis","Whole Genome Sequencing",2,105563,2456714,4.11989023825293
2527291666,655186,"Draft","SUP05 cluster bacterium AB-750C22AB-904 (unscreened)","Proteobacteria","Gammaproteobacteria","unclassified","unclassified","Candidatus Thioglobus","uncultured SUP05 cluster bacterium","AB-750C22AB-904","No","Environmental","Aquatic","Marine","Unclassified",758701,930,62,"Single Cell Analysis (unscreened)","Whole Genome Sequencing",1,21205,737496,2.79490866625983
2527291557,655186,"Draft","SUP05 cluster bacterium AB-754_B15AB-905 (unscreened)","Proteobacteria","Gammaproteobacteria","unclassified","unclassified","Candidatus Thioglobus","uncultured SUP05 cluster bacterium","AB-754_B15AB-905","No","Environmental","Aquatic","Marine","Unclassified",340882,452,42,"Single Cell Analysis (unscreened)","Whole Genome Sequencing",1,4673,336209,1.370855603992
2527291586,655186,"Draft","SUP05 cluster bacterium AB-754_O20AB-906 (unscreened)","Proteobacteria","Gammaproteobacteria","unclassified","unclassified","Candidatus Thioglobus","uncultured SUP05 cluster bacterium","AB-754_O20AB-906","No","Environmental","Aquatic","Marine","Unclassified",238482,333,34,"Single Cell Analysis (unscreened)","Whole Genome Sequencing",1,4656,233826,1.95234860492616
2527291540,655186,"Draft","SUP05 cluster bacterium AB-755_C07D09 (unscreened)","Proteobacteria","Gammaproteobacteria","unclassified","unclassified","Candidatus Thioglobus","uncultured SUP05 cluster bacterium","AB-755_C07D09","No","Environmental","Aquatic","Marine","Unclassified",529035,609,60,"Single Cell Analysis (unscreened)","Whole Genome Sequencing",1,4673,524362,0.88330639749733
2527291542,655186,"Draft","SUP05 cluster bacterium AB-755_C14H09 (unscreened)","Proteobacteria","Gammaproteobacteria","unclassified","unclassified","Candidatus Thioglobus","uncultured SUP05 cluster bacterium","AB-755_C14H09","No","Environmental","Aquatic","Marine","Unclassified",744059,897,67,"Single Cell Analysis (unscreened)","Whole Genome Sequencing",1,4673,739386,0.628041593475786
2527291548,655186,"Draft","SUP05 cluster bacterium AB-755_E23A01 (unscreened)","Proteobacteria","Gammaproteobacteria","unclassified","unclassified","Candidatus Thioglobus","uncultured SUP05 cluster bacterium","AB-755_E23A01","No","Environmental","Aquatic","Marine","Unclassified",612005,747,65,"Single Cell Analysis (unscreened)","Whole Genome Sequencing",1,4631,607374,0.756693164271534
2527291549,655186,"Draft","SUP05 cluster bacterium AB-755_G23A03 (unscreened)","Proteobacteria","Gammaproteobacteria","unclassified","unclassified","Candidatus Thioglobus","uncultured SUP05 cluster bacterium","AB-755_G23A03","No","Environmental","Aquatic","Marine","Unclassified",243628,303,38,"Single Cell Analysis (unscreened)","Whole Genome Sequencing",1,4652,238976,1.90946853399445
2527291555,655186,"Draft","SUP05 cluster bacterium AB-755_P16B10 (unscreened)","Proteobacteria","Gammaproteobacteria","unclassified","unclassified","Candidatus Thioglobus","uncultured SUP05 cluster bacterium","AB-755_P16B10","No","Environmental","Aquatic","Marine","Unclassified",419084,529,49,"Single Cell Analysis (unscreened)","Whole Genome Sequencing",1,4657,414427,1.11123307021981
637000309,64471,"Finished","Synechococcus sp. CC9311","Cyanobacteria","unclassified","Synechococcales","Synechococcaceae","Synechococcus","Synechococcus sp. CC9311","CC9311","Yes","Environmental","Aquatic","Marine","Pelagic",2606748,2951,1,"Genome Analysis","Whole Genome Sequencing",6,442144,2164604,16.9615168017775
637000310,110662,"Finished","Synechococcus sp. CC9605","Cyanobacteria","unclassified","Chroococcales","unclassified","Synechococcus","sp.","CC9605","Yes","Environmental","Aquatic","Marine","Pelagic",2510659,2761,1,"Genome Analysis","Whole Genome Sequencing",10,429769,2080890,17.1177766474858
2517093019,110663,"Permanent Draft","Synechococcus sp. CC9616","Cyanobacteria","unclassified","Synechococcales","Synechococcaceae","Synechococcus","Synechococcus sp. CC9616","CC9616","Yes","Environmental","Aquatic","Marine","Pelagic",2645910,2958,1,"Genome Analysis","Whole Genome Sequencing",6,276569,2369341,10.4526986934552
2507262013,1280380,"Finished","Synechococcus sp. KORDI-100 (genome sequencing)","Cyanobacteria","unclassified","Synechococcales","Synechococcaceae","Synechococcus","Synechococcus sp. KORDI-100","KORDI-100","Yes","Environmental","Aquatic","Marine","Oceanic",2789000,3058,1,"Genome Analysis","Whole Genome Sequencing",9,495673,2293327,17.7724273933309
2507262011,585423,"Finished","Synechococcus sp. KORDI-49 (genome sequencing)","Cyanobacteria","unclassified","Synechococcales","Synechococcaceae","Synechococcus","Synechococcus sp. KORDI-49","KORDI-49","Yes","Environmental","Aquatic","Marine","Marginal Sea",2585813,2717,1,"Genome Analysis","Whole Genome Sequencing",5,252954,2332859,9.78237792137328
2507262012,585425,"Finished","Synechococcus sp. KORDI-52 (genome sequencing)","Cyanobacteria","unclassified","Synechococcales","Synechococcaceae","Synechococcus","Synechococcus sp. KORDI-52","KORDI-52","Yes","Environmental","Aquatic","Marine","Marginal Sea",2572069,2823,1,"Genome Analysis","Whole Genome Sequencing",8,371611,2200458,14.4479405490288
2504643003,374982,"Permanent Draft","Synechococcus sp. PCC 73109","Cyanobacteria","unclassified","Synechococcales","Synechococcaceae","Synechococcus","Synechococcus sp. PCC 73109","PCC 73109","Yes","Environmental","Aquatic","Marine","Pelagic",3674393,3352,29,"Genome Analysis","Whole Genome Sequencing",2,40850,3633543,1.11174825338498
2504643002,195248,"Permanent Draft","Synechococcus sp. PCC 8807","Cyanobacteria","unclassified","Synechococcales","Synechococcaceae","Synechococcus","Synechococcus sp. PCC 8807","PCC 8807","Yes","Environmental","Aquatic","Marine","Pelagic",3632845,3293,14,"Genome Analysis","Whole Genome Sequencing",1,10154,3622691,0.279505456467314
2507262052,166318,"Permanent Draft","Synechococcus sp. WH 8016","Cyanobacteria","unclassified","Synechococcales","Synechococcaceae","Synechococcus","Synechococcus sp. WH 8016","WH 8016","Yes","Environmental","Aquatic","Marine","Intertidal zone",2706690,3046,1,"Genome Analysis","Whole Genome Sequencing",7,458679,2248011,16.9461223856445
2523231049,1123364,"Permanent Draft","Thalassobaculum salexigens DSM 19539","Proteobacteria","Alphaproteobacteria","Rhodospirillales","Rhodospirillaceae","Thalassobaculum","Thalassobaculum salexigens","DSM 19539","Yes","Environmental","Aquatic","Marine","Unclassified",5084548,4776,12,"Genome Analysis","Whole Genome Sequencing",1,12944,5071604,0.254575234612792
2597489935,1298593,"Finished","Thalassolituus oleivorans MIL-1","Proteobacteria","Gammaproteobacteria","Oceanospirillales","Oceanospirillaceae","Thalassolituus","Thalassolituus oleivorans","MIL-1","Yes","Environmental","Aquatic","Marine","Unclassified",3920328,3638,1,"Genome Analysis","Whole Genome Sequencing",1,35600,3884728,0.908087282492689
649633101,644966,"Finished","Thermaerobacter marianensis 7p75a, DSM 12885","Firmicutes","Clostridia","Clostridiales","Clostridiales Family XVII. Incertae Sedis","Thermaerobacter","Thermaerobacter marianensis","7p75a, DSM 12885","Yes","Environmental","Aquatic","Marine","Oceanic",2844696,2435,1,"Genome Analysis","Whole Genome Sequencing",1,39829,2804867,1.40011445862757
2517287027,1125975,"Permanent Draft","Thermoanaerobacter indiensis BSB-33","Firmicutes","Clostridia","Thermoanaerobacterales","Thermoanaerobacteraceae","Thermoanaerobacter","Thermoanaerobacter indiensis","BSB-33","Yes","Environmental","Aquatic","Marine","Hydrothermal vents",2597606,2721,1,"Genome Analysis","Whole Genome Sequencing",1,31853,2565753,1.22624447279534
2509276025,880478,"Permanent Draft","Thermoanaerobacter siderophilus SR4","Firmicutes","Clostridia","Thermoanaerobacterales","Thermoanaerobacteraceae","Thermoanaerobacter","Thermoanaerobacter siderophilus","SR4","Yes","Environmental","Aquatic","Marine","Hydrothermal vents",2540159,2640,1,"Genome Analysis","Whole Genome Sequencing",1,90677,2449482,3.56973716999605
2506783059,765912,"Finished","Thioflavicoccus mobilis 8321","Proteobacteria","Gammaproteobacteria","Chromatiales","Chromatiaceae","Thioflavicoccus","Thioflavicoccus mobilis","8321","Yes","Environmental","Aquatic","Marine","Intertidal zone",4137521,3787,2,"Genome Analysis","Whole Genome Sequencing",2,128564,4008957,3.10727123801909
2571042363,1449087,"Permanent Draft","Thiomicrospira sp. MA2-6","Proteobacteria","Gammaproteobacteria","Thiotrichales","Piscirickettsiaceae","Thiomicrospira","Thiomicrospira sp. MA2-6","MA2-6","Yes","Environmental","Aquatic","Marine","Unclassified",2676715,2546,1,"Genome Analysis","Whole Genome Sequencing",1,48864,2627851,1.82552120789849
637000329,203124,"Finished","Trichodesmium erythraeum IMS101","Cyanobacteria","unclassified","Oscillatoriales","Microcoleaceae","Trichodesmium","Trichodesmium erythraeum","IMS101","Yes","Environmental","Aquatic","Marine","Neritic zone",7750108,5156,1,"Genome Analysis","Whole Genome Sequencing",7,639412,7110696,8.25036244656203
2651869885,1738654,"Draft","Unclassified Woeseiaceae bin20_1J","Proteobacteria","Gammaproteobacteria","Chromatiales","Woeseiaceae","unclassified","unclassified","","No","Environmental","Aquatic","Marine","Coastal",2407210,2424,298,"Genome from Metagenome","Metagenome",1,3190,2404020,0.132518558829516
2228664044,1009416,"Permanent Draft","Verrucomicrobia bacterium SCGC AAA164-I21 (unscreened)","Verrucomicrobia","unclassified","unclassified","unclassified","unclassified","Verrucomicrobia bacterium SCGC AAA164-I21","SCGC AAA164-I21","No","Environmental","Aquatic","Marine","Unclassified",1142922,1355,389,"Single Cell Analysis (unscreened)","Whole Genome Sequencing",1,12046,1130876,1.05396518747561
650716103,263358,"Finished","Verrucosispora maris AB-18-032","Actinobacteria","Actinobacteria","Micromonosporales","Micromonosporaceae","Verrucosispora","Verrucosispora maris","AB-18-032","Yes","Environmental","Aquatic","Marine","Oceanic",6732271,6069,2,"Genome Analysis","Whole Genome Sequencing",4,358678,6373593,5.32774156001742
2724679807,663,"Draft","Vibrio alginolyticus K01M1 (K01M1)","Proteobacteria","Gammaproteobacteria","Vibrionales","Vibrionaceae","Vibrio","Vibrio alginolyticus","K01M1","Yes","Environmental","Aquatic","Marine","",5352051,4885,2,"Genome Analysis","Whole Genome Sequencing",3,166725,5185326,3.11516089813045
2724679808,663,"Permanent Draft","Vibrio alginolyticus K04M1 (K04M1)","Proteobacteria","Gammaproteobacteria","Vibrionales","Vibrionaceae","Vibrio","Vibrio alginolyticus","K04M1","Yes","Environmental","Aquatic","Marine","",5651285,5230,5,"Genome Analysis","Whole Genome Sequencing",3,166725,5484560,2.95021397788291
2724679809,663,"Permanent Draft","Vibrio alginolyticus K04M3 (K04M3)","Proteobacteria","Gammaproteobacteria","Vibrionales","Vibrionaceae","Vibrio","Vibrio alginolyticus","K04M3","Yes","Environmental","Aquatic","Marine","",5674090,5267,3,"Genome Analysis","Whole Genome Sequencing",3,166725,5507365,2.93835663516088
2724679810,663,"Permanent Draft","Vibrio alginolyticus K04M5 (Vibrio alginolyticus K04M5)","Proteobacteria","Gammaproteobacteria","Vibrionales","Vibrionaceae","Vibrio","Vibrio alginolyticus","K04M5","Yes","Environmental","Aquatic","Marine","",5666255,5234,3,"Genome Analysis","Whole Genome Sequencing",3,166725,5499530,2.94241964048565
2724679811,663,"Permanent Draft","Vibrio alginolyticus K05K4 (K05K4)","Proteobacteria","Gammaproteobacteria","Vibrionales","Vibrionaceae","Vibrio","Vibrio alginolyticus","K05K4","Yes","Environmental","Aquatic","Marine","",5672537,5278,5,"Genome Analysis","Whole Genome Sequencing",4,176093,5496444,3.10430764929343
2724679823,663,"Permanent Draft","Vibrio alginolyticus K06K5 (K06K5)","Proteobacteria","Gammaproteobacteria","Vibrionales","Vibrionaceae","Vibrio","Vibrio alginolyticus","K06K5","Yes","Environmental","Aquatic","Marine","",5671999,5239,4,"Genome Analysis","Whole Genome Sequencing",3,166725,5505274,2.9394398694358
2724679828,663,"Permanent Draft","Vibrio alginolyticus K08M3 (K08M3)","Proteobacteria","Gammaproteobacteria","Vibrionales","Vibrionaceae","Vibrio","Vibrio alginolyticus","K08M3","Yes","Environmental","Aquatic","Marine","",5655141,5231,3,"Genome Analysis","Whole Genome Sequencing",3,166725,5488416,2.94820235251429
2724679826,663,"Permanent Draft","Vibrio alginolyticus K09K1 (K09K1)","Proteobacteria","Gammaproteobacteria","Vibrionales","Vibrionaceae","Vibrio","Vibrio alginolyticus","K09K1","Yes","Environmental","Aquatic","Marine","",5362829,4934,2,"Genome Analysis","Whole Genome Sequencing",5,180736,5182093,3.37016153228082
2724679827,663,"Permanent Draft","Vibrio alginolyticus K10K4 (K10K4)","Proteobacteria","Gammaproteobacteria","Vibrionales","Vibrionaceae","Vibrio","Vibrio alginolyticus","K10K4","Yes","Environmental","Aquatic","Marine","",5389178,4926,2,"Genome Analysis","Whole Genome Sequencing",4,176474,5212704,3.27459957715258
646311966,150340,"Finished","Vibrio antiquarius Ex25","Proteobacteria","Gammaproteobacteria","Vibrionales","Vibrionaceae","Vibrio","Vibrio antiquarius","Ex25","Yes","Environmental","Aquatic","Marine","Hydrothermal vents",5089025,4676,2,"Genome Analysis","Whole Genome Sequencing",2,115276,4973749,2.26518832192807
641380451,314289,"Permanent Draft","Vibrio campbellii AND4","Proteobacteria","Gammaproteobacteria","Vibrionales","Vibrionaceae","Vibrio","Vibrio sp. AND4","AND4","Yes","Environmental","Aquatic","Marine","Unclassified",4255798,4034,143,"Genome Analysis","Whole Genome Sequencing",1,35128,4220670,0.825415116036992
2561511217,338187,"Finished","Vibrio campbellii ATCC BAA-1116","Proteobacteria","Gammaproteobacteria","Vibrionales","Vibrionaceae","Vibrio","Vibrio campbellii","BB120","Yes","Environmental","Aquatic","Marine","Unclassified",6031829,5674,3,"Genome Analysis","Whole Genome Sequencing",2,83925,5947904,1.39136901924773
2548876821,1136158,"Permanent Draft","Vibrio cyclitrophicus 1F97","Proteobacteria","Gammaproteobacteria","Vibrionales","Vibrionaceae","Vibrio","Vibrio cyclitrophicus","1F97","Yes","Environmental","Aquatic","Marine","Unclassified",5338318,4919,151,"Genome Analysis","Whole Genome Sequencing",1,4744,5333574,0.0888669427336476
2548876832,1136172,"Permanent Draft","Vibrio cyclitrophicus ZF205","Proteobacteria","Gammaproteobacteria","Vibrionales","Vibrionaceae","Vibrio","Vibrio cyclitrophicus","ZF205","Yes","Environmental","Aquatic","Marine","Unclassified",4875086,4369,70,"Genome Analysis","Whole Genome Sequencing",1,30441,4844645,0.624419753825881
2548876839,1136174,"Permanent Draft","Vibrio cyclitrophicus ZF255","Proteobacteria","Gammaproteobacteria","Vibrionales","Vibrionaceae","Vibrio","Vibrio cyclitrophicus","ZF255","Yes","Environmental","Aquatic","Marine","Unclassified",4968531,4484,132,"Genome Analysis","Whole Genome Sequencing",1,7075,4961456,0.142396213287187
2548876835,1136170,"Permanent Draft","Vibrio cyclitrophicus ZF99","Proteobacteria","Gammaproteobacteria","Vibrionales","Vibrionaceae","Vibrio","Vibrio cyclitrophicus","ZF99","Yes","Environmental","Aquatic","Marine","Unclassified",4917182,4369,85,"Genome Analysis","Whole Genome Sequencing",1,10649,4906533,0.216567131336607
650377984,903510,"Finished","Vibrio furnissii 2510/74, NCTC 11218","Proteobacteria","Gammaproteobacteria","Vibrionales","Vibrionaceae","Vibrio","Vibrio furnissii","2510/74, NCTC 11218","Yes","Environmental","Aquatic","Marine","Intertidal zone",4916408,4584,2,"Genome Analysis","Whole Genome Sequencing",1,37152,4879256,0.755673654424124
640753058,338187,"Finished","Vibrio harveyi BB120, ATCC BAA-1116","Proteobacteria","Gammaproteobacteria","Vibrionales","Vibrionaceae","Vibrio","Vibrio campbellii","BB120","Yes","Environmental","Aquatic","Marine","Unclassified",6058377,6252,3,"Genome Analysis","Whole Genome Sequencing",2,83978,5974399,1.38614681786888
2551306055,1191299,"Permanent Draft","Vibrio kanaloae 5S-149","Proteobacteria","Gammaproteobacteria","Vibrionales","Vibrionaceae","Vibrio","Vibrio kanaloae","5S-149","Yes","Environmental","Aquatic","Marine","Unclassified",4664984,4266,129,"Genome Analysis","Whole Genome Sequencing",1,20561,4644423,0.440751779641688
2551306068,617131,"Permanent Draft","Vibrio ordalii FF-167","Proteobacteria","Gammaproteobacteria","Vibrionales","Vibrionaceae","Vibrio","Vibrio ordalii","FF-167","Yes","Environmental","Aquatic","Marine","Unclassified",3780331,3635,286,"Genome Analysis","Whole Genome Sequencing",1,7915,3772416,0.209373200389066
2551306060,617133,"Permanent Draft","Vibrio ordalii FS-238","Proteobacteria","Gammaproteobacteria","Vibrionales","Vibrionaceae","Vibrio","Vibrio ordalii","FS-238","Yes","Environmental","Aquatic","Marine","Unclassified",3914684,3597,223,"Genome Analysis","Whole Genome Sequencing",1,13552,3901132,0.346183753273572
647000342,675816,"Permanent Draft","Vibrio orientalis CIP 102891","Proteobacteria","Gammaproteobacteria","Vibrionales","Vibrionaceae","Vibrio","Vibrio orientalis","CIP 102891","Yes","Environmental","Aquatic","Marine","Marginal Sea",4698244,4297,5,"Genome Analysis","Whole Genome Sequencing",1,32974,4665270,0.701836686217233
647533245,391586,"Permanent Draft","Vibrio parahaemolyticus 16","Proteobacteria","Gammaproteobacteria","Vibrionales","Vibrionaceae","Vibrio","Vibrio sp. 16","16","Yes","Environmental","Aquatic","Marine","Unclassified",4535833,4136,80,"Genome Analysis","Whole Genome Sequencing",1,47116,4488717,1.03875076529493
2574179726,1123498,"Permanent Draft","Vibrio ruber DSM 16370","Proteobacteria","Gammaproteobacteria","Vibrionales","Vibrionaceae","Vibrio","Vibrio ruber","DSM 16370","Yes","Environmental","Aquatic","Marine","Unclassified",4542383,4052,97,"Genome Analysis","Whole Genome Sequencing",1,6825,4535558,0.150251530969537
2551306058,1191305,"Permanent Draft","Vibrio splendidus 12E03","Proteobacteria","Gammaproteobacteria","Vibrionales","Vibrionaceae","Vibrio","Vibrio splendidus","1.20E+04","Yes","Environmental","Aquatic","Marine","Unclassified",5369124,5014,370,"Genome Analysis","Whole Genome Sequencing",1,3223,5365901,0.0600284143186114
2551306064,617145,"Permanent Draft","Vibrio splendidus 1F-157","Proteobacteria","Gammaproteobacteria","Vibrionales","Vibrionaceae","Vibrio","Vibrio splendidus","1F-157","Yes","Environmental","Aquatic","Marine","Unclassified",5616420,5227,423,"Genome Analysis","Whole Genome Sequencing",1,3509,5612911,0.0624775212679963
2551306078,617146,"Permanent Draft","Vibrio splendidus FF-6","Proteobacteria","Gammaproteobacteria","Vibrionales","Vibrionaceae","Vibrio","Vibrio splendidus","FF-6","Yes","Environmental","Aquatic","Marine","Unclassified",5667497,5257,266,"Genome Analysis","Whole Genome Sequencing",1,16865,5650632,0.297574043709242
2627854277,990271,"Permanent Draft","Vibrio variabilis T01","Proteobacteria","Gammaproteobacteria","Vibrionales","Vibrionaceae","Vibrio","Vibrio variabilis","T01","Yes","Environmental","Aquatic","Marine","Coastal",4529728,4225,83,"Genome Analysis","Whole Genome Sequencing",1,9770,4519958,0.215686239880187
2718217755,1790137,"Finished","Wenyingzhuangia fucanilytica CZ1127","Bacteroidetes","Flavobacteriia","Flavobacteriales","Flavobacteriaceae","Wenyingzhuangia","Wenyingzhuangia fucanilytica","CZ1127","Yes","Environmental","Aquatic","Marine","",3427057,2872,1,"Genome Analysis","Whole Genome Sequencing",1,38713,3388344,1.1296281328265
646564591,655815,"Finished","Zunongwangia profunda SM-A87","Bacteroidetes","Flavobacteriia","Flavobacteriales","Flavobacteriaceae","Zunongwangia","Zunongwangia profunda","SM-A87","Yes","Environmental","Aquatic","Marine","Oceanic",5128187,4709,1,"Genome Analysis","Whole Genome Sequencing",5,269320,4858867,5.25175856496653
