"Genome.Name","IMG.Genome.ID","Phylum","Class","Order","Family","Genus","Species","Genome.Size","GOLD.Sequencing.Strategy"
"Pseudomonas stutzeri AN10, CCUG 29243",2518645567,"Proteobacteria","Gammaproteobacteria","Pseudomonadales","Pseudomonadaceae","Pseudomonas","Pseudomonas stutzeri",4709064,"Whole Genome Sequencing"
"Serratia sp. ATCC 39006",2526164535,"Proteobacteria","Gammaproteobacteria","Enterobacterales","Yersiniaceae","Serratia","Serratia sp. ATCC 39006",4947661,"Whole Genome Sequencing"
"Marinomonas mediterranea MMB-1, ATCC 700492",2506210002,"Proteobacteria","Gammaproteobacteria","Oceanospirillales","Oceanospirillaceae","Marinomonas","Marinomonas mediterranea",4684316,"Whole Genome Sequencing"
"Anabaena sp. PCC 7108",2506485002,"Cyanobacteria","unclassified","Nostocales","Nostocaceae","Anabaena","Anabaena sp. PCC 7108",5886741,"Whole Genome Sequencing"
"Synechococcus sp. KORDI-100 (genome sequencing)",2507262013,"Cyanobacteria","unclassified","Synechococcales","Synechococcaceae","Synechococcus","Synechococcus sp. KORDI-100",2789000,"Whole Genome Sequencing"
"Shewanella baltica OS625",2507262035,"Proteobacteria","Gammaproteobacteria","Alteromonadales","Shewanellaceae","Shewanella","Shewanella baltica",5225715,"Whole Genome Sequencing"
"Pelagibacterium halotolerans B2",2511231054,"Proteobacteria","Alphaproteobacteria","Rhizobiales","Hyphomicrobiaceae","Pelagibacterium","Pelagibacterium halotolerans",3948887,"Whole Genome Sequencing"
"Acetobacterium woodii WB1, DSM 1030",2512047040,"Firmicutes","Clostridia","Clostridiales","Eubacteriaceae","Acetobacterium","Acetobacterium woodii",4044777,"Whole Genome Sequencing"
"Leisingera caerulea DSM 24564",2512047087,"Proteobacteria","Alphaproteobacteria","Rhodobacterales","Rhodobacteraceae","Leisingera","Leisingera caerulea",5344419,"Whole Genome Sequencing"
"Octadecabacter arcticus 238, DSM 13978",2512564006,"Proteobacteria","Alphaproteobacteria","Rhodobacterales","Rhodobacteraceae","Octadecabacter","Octadecabacter arcticus",5478249,"Whole Genome Sequencing"
"Leisingera methylohalidivorans MB2, DSM 14336",2512564009,"Proteobacteria","Alphaproteobacteria","Rhodobacterales","Rhodobacteraceae","Leisingera","Leisingera methylohalidivorans",4650996,"Whole Genome Sequencing"
"Saprospira grandis Lewin",2512564032,"Bacteroidetes","Saprospiria","Saprospirales","Saprospiraceae","Saprospira","Saprospira grandis",4400185,"Whole Genome Sequencing"
"Glaciecola sp. ANT9081 (cola82)",2513237134,"Proteobacteria","Gammaproteobacteria","Alteromonadales","Alteromonadaceae","Glaciecola","Glaciecola sp. ANT9081",4996068,"Whole Genome Sequencing"
"Nitratiruptor tergarcus DSM 16512",2516493030,"Proteobacteria","Epsilonproteobacteria","unclassified","unclassified","Nitratiruptor","Nitratiruptor tergarcus",1929433,"Whole Genome Sequencing"
"Synechococcus sp. CC9616",2517093019,"Cyanobacteria","unclassified","Synechococcales","Synechococcaceae","Synechococcus","Synechococcus sp. CC9616",2645910,"Whole Genome Sequencing"
"Loktanella sp. SE62",2517487002,"Proteobacteria","Alphaproteobacteria","Rhodobacterales","Rhodobacteraceae","Loktanella","Loktanella sp. SE62",4581948,"Whole Genome Sequencing"
"Henriciella marina DSM 19595",2519103046,"Proteobacteria","Alphaproteobacteria","Rhodobacterales","Hyphomonadaceae","Henriciella","Henriciella marina",3277765,"Whole Genome Sequencing"
"Leisingera aquimarina DSM 24565 (scaffold version)",2521172617,"Proteobacteria","Alphaproteobacteria","Rhodobacterales","Rhodobacteraceae","Leisingera","Leisingera aquimarina",5344253,"Whole Genome Sequencing"
"Pseudophaeobacter arcticus DSM 23566",2521172622,"Proteobacteria","Alphaproteobacteria","Rhodobacterales","Rhodobacteraceae","Pseudophaeobacter","Pseudophaeobacter arcticus",5049234,"Whole Genome Sequencing"
"Alteromonas macleodii Black Sea 11",2521172684,"Proteobacteria","Gammaproteobacteria","Alteromonadales","Alteromonadaceae","Alteromonas","Alteromonas macleodii",4480507,"Whole Genome Sequencing"
"Shewanella frigidimarina NCIMB 400",2524023134,"Proteobacteria","Gammaproteobacteria","Alteromonadales","Shewanellaceae","Shewanella","Shewanella frigidimarina",4845257,"Whole Genome Sequencing"
"Shewanella denitrificans OS217",2524023135,"Proteobacteria","Gammaproteobacteria","Alteromonadales","Shewanellaceae","Shewanella","Shewanella denitrificans",4545906,"Whole Genome Sequencing"
"Desulfobacula toluolica Tol2",2524023220,"Proteobacteria","Deltaproteobacteria","Desulfobacterales","Desulfobacteraceae","Desulfobacula","Desulfobacula toluolica",5197905,"Whole Genome Sequencing"
"Psychrilyobacter atlanticus DSM 19335",2524614854,"Fusobacteria","Fusobacteriia","Fusobacteriales","Fusobacteriaceae","Psychrilyobacter","Psychrilyobacter atlanticus",3539325,"Whole Genome Sequencing"
"Desulfovibrio piezophilus C1TLV30",2540341170,"Proteobacteria","Deltaproteobacteria","Desulfovibrionales","Desulfovibrionaceae","Desulfovibrio","Desulfovibrio piezophilus",3646098,"Whole Genome Sequencing"
"Mycobacterium sp. 141",2540341250,"Actinobacteria","Actinobacteria","Corynebacteriales","Mycobacteriaceae","Mycobacterium","Mycobacterium sp. 141",4544736,"Whole Genome Sequencing"
"Planktomarina temperata RCA23, DSM 22400 (RCA23)",2548877138,"Proteobacteria","Alphaproteobacteria","Rhodobacterales","Rhodobacteraceae","Planktomarina","Planktomarina temperata",3288122,"Whole Genome Sequencing"
"Sediminibacter sp. Hel_I_10",2558860975,"Bacteroidetes","Flavobacteriia","Flavobacteriales","Flavobacteriaceae","Sediminibacter","Sediminibacter sp. Hel_I_10",4106053,"Whole Genome Sequencing"
"Caldithrix abyssi LF13, DSM 13497",2561511127,"Caldithrixae","Caldithrixia","Caldithrixales","Caldithrixaceae","Caldithrix","abyssi",4978541,"Whole Genome Sequencing"
"Vibrio campbellii ATCC BAA-1116",2561511217,"Proteobacteria","Gammaproteobacteria","Vibrionales","Vibrionaceae","Vibrio","Vibrio campbellii",6031829,"Whole Genome Sequencing"
"Thiomicrospira sp. MA2-6",2571042363,"Proteobacteria","Gammaproteobacteria","Thiotrichales","Piscirickettsiaceae","Thiomicrospira","Thiomicrospira sp. MA2-6",2676715,"Whole Genome Sequencing"
"Hydrogenovibrio marinus DSM 11271",2571042915,"Proteobacteria","Gammaproteobacteria","Thiotrichales","Piscirickettsiaceae","Hydrogenovibrio","Hydrogenovibrio marinus",2609305,"Whole Genome Sequencing"
"Congregibacter litoralis KT71",2597489864,"Proteobacteria","Gammaproteobacteria","Cellvibrionales","Halieaceae","Congregibacter","Congregibacter litoralis",4351117,"Whole Genome Sequencing"
"Thalassolituus oleivorans MIL-1",2597489935,"Proteobacteria","Gammaproteobacteria","Oceanospirillales","Oceanospirillaceae","Thalassolituus","Thalassolituus oleivorans",3920328,"Whole Genome Sequencing"
"Martelella endophytica YC6887",2619619303,"Proteobacteria","Alphaproteobacteria","Rhizobiales","Aurantimonadaceae","Martelella","Martelella endophytica",4817335,"Whole Genome Sequencing"
"Flagellimonas sp. DK169",2622736625,"Bacteroidetes","Flavobacteriia","Flavobacteriales","Flavobacteriaceae","Flagellimonas","Flagellimonas sp. DK169",4132279,"Whole Genome Sequencing"
"Clostridium propionicum X2, DSM 1682 (CPRO)",2627853505,"Firmicutes","Clostridia","Clostridiales","Lachnospiraceae","Tyzzerella","[Clostridium] propionicum",3120417,"Whole Genome Sequencing"
"Geobacillus sp. 12AMOR1",2627853986,"Firmicutes","Bacilli","Bacillales","Bacillaceae","Geobacillus","Geobacillus sp. 12AMOR1",3442724,"Whole Genome Sequencing"
"Moorea producens-heterotrophic bacteria co-culture from Palmyra Atoll (Final Draft of Linear Chromosome)",2630968267,"Cyanobacteria","unclassified","Oscillatoriales","Oscillatoriaceae","Moorea","Moorea producens",3628091,"Whole Genome Sequencing"
"Shewanella baltica OS678",2630968672,"Proteobacteria","Gammaproteobacteria","Alteromonadales","Shewanellaceae","Shewanella","Shewanella baltica",5368767,"Whole Genome Sequencing"
"Caldithrix abyssi LF13, DSM 13497",2643221409,"Calditrichaeota","Calditrichae","Calditrichales","Calditrichaceae","Caldithrix","Caldithrix abyssi",4978541,"Whole Genome Sequencing"
"Photobacterium gaetbulicola Gung47",2645727918,"Proteobacteria","Gammaproteobacteria","Vibrionales","Vibrionaceae","Photobacterium","Photobacterium gaetbulicola",5909413,"Whole Genome Sequencing"
"Desulfovibrio hydrothermalis AM13, DSM 14728",2648501899,"Proteobacteria","Deltaproteobacteria","Desulfovibrionales","Desulfovibrionaceae","Desulfovibrio","Desulfovibrio hydrothermalis",3708362,"Whole Genome Sequencing"
"Pseudoalteromonas sp. Bsw20308",2667527504,"Proteobacteria","Gammaproteobacteria","Alteromonadales","Pseudoalteromonadaceae","Pseudoalteromonas","Pseudoalteromonas sp. Bsw20308",4830226,"Whole Genome Sequencing"
"Marinobacter similis A3d10",2667527567,"Proteobacteria","Gammaproteobacteria","Alteromonadales","Alteromonadaceae","Marinobacter","Marinobacter similis",3975896,"Whole Genome Sequencing"
"Rhodovulum sulfidophilum DSM 1374",2667527571,"Proteobacteria","Alphaproteobacteria","Rhodobacterales","Rhodobacteraceae","Rhodovulum","Rhodovulum sulfidophilum",4346304,"Whole Genome Sequencing"
"Rhodovulum sulfidophilum DSM 1374",2687453592,"Proteobacteria","Alphaproteobacteria","Rhodobacterales","Rhodobacteraceae","Rhodovulum","Rhodovulum sulfidophilum",4347929,"Whole Genome Sequencing"
"Clostridium botulinum B Eklund 17B",2690315688,"Firmicutes","Clostridia","Clostridiales","Clostridiaceae","Clostridium","Clostridium botulinum",3829198,"Whole Genome Sequencing"
"Sphingopyxis sp. LPB0140",2718217855,"Proteobacteria","Alphaproteobacteria","Sphingomonadales","Sphingomonadaceae","Sphingopyxis","Sphingopyxis sp. LPB0140",2533041,"Whole Genome Sequencing"
"Labrenzia sp. CP4",2718217880,"Proteobacteria","Alphaproteobacteria","Rhodobacterales","Rhodobacteraceae","Labrenzia","Labrenzia sp. CP4",6051301,"Whole Genome Sequencing"
"Rhodobacter sp. LPB0142",2718218090,"Proteobacteria","Alphaproteobacteria","Rhodobacterales","Rhodobacteraceae","Rhodobacter","Rhodobacter sp. LPB0142",3780829,"Whole Genome Sequencing"
"Psychrobacter sp. AntiMn-1",2718218092,"Proteobacteria","Gammaproteobacteria","Pseudomonadales","Moraxellaceae","Psychrobacter","Psychrobacter sp. AntiMn-1",3138120,"Whole Genome Sequencing"
"Caldithrix abyssi LF13, DSM 13497",2718218154,"Calditrichaeota","Calditrichae","Calditrichales","Calditrichaceae","Caldithrix","Caldithrix abyssi",4978541,"Whole Genome Sequencing"
"Staphylococcus sp. AntiMn-1",2718218446,"Firmicutes","Bacilli","Bacillales","Staphylococcaceae","Staphylococcus","Staphylococcus sp. AntiMn-1",2738396,"Whole Genome Sequencing"
"Bacillus sp. Alg07",2721755502,"Firmicutes","Bacilli","Bacillales","Bacillaceae","Bacillus","Bacillus weihaiensis",4361276,"Whole Genome Sequencing"
"Vibrio alginolyticus K01M1 (K01M1)",2724679807,"Proteobacteria","Gammaproteobacteria","Vibrionales","Vibrionaceae","Vibrio","Vibrio alginolyticus",5352051,"Whole Genome Sequencing"
"Vibrio alginolyticus K04M1 (K04M1)",2724679808,"Proteobacteria","Gammaproteobacteria","Vibrionales","Vibrionaceae","Vibrio","Vibrio alginolyticus",5651285,"Whole Genome Sequencing"
"Vibrio alginolyticus K04M3 (K04M3)",2724679809,"Proteobacteria","Gammaproteobacteria","Vibrionales","Vibrionaceae","Vibrio","Vibrio alginolyticus",5674090,"Whole Genome Sequencing"
"Vibrio alginolyticus K04M5 (Vibrio alginolyticus K04M5)",2724679810,"Proteobacteria","Gammaproteobacteria","Vibrionales","Vibrionaceae","Vibrio","Vibrio alginolyticus",5666255,"Whole Genome Sequencing"
"Vibrio alginolyticus K05K4 (K05K4)",2724679811,"Proteobacteria","Gammaproteobacteria","Vibrionales","Vibrionaceae","Vibrio","Vibrio alginolyticus",5672537,"Whole Genome Sequencing"
"Vibrio alginolyticus K06K5 (K06K5)",2724679823,"Proteobacteria","Gammaproteobacteria","Vibrionales","Vibrionaceae","Vibrio","Vibrio alginolyticus",5671999,"Whole Genome Sequencing"
"Vibrio alginolyticus K09K1 (K09K1)",2724679826,"Proteobacteria","Gammaproteobacteria","Vibrionales","Vibrionaceae","Vibrio","Vibrio alginolyticus",5362829,"Whole Genome Sequencing"
"Vibrio alginolyticus K10K4 (K10K4)",2724679827,"Proteobacteria","Gammaproteobacteria","Vibrionales","Vibrionaceae","Vibrio","Vibrio alginolyticus",5389178,"Whole Genome Sequencing"
"Vibrio alginolyticus K08M3 (K08M3)",2724679828,"Proteobacteria","Gammaproteobacteria","Vibrionales","Vibrionaceae","Vibrio","Vibrio alginolyticus",5655141,"Whole Genome Sequencing"
"Mesorhizobium sp. B7",2728369379,"Proteobacteria","Alphaproteobacteria","Rhizobiales","Phyllobacteriaceae","Mesorhizobium","Mesorhizobium sp. B7",5324561,"Whole Genome Sequencing"
"Ruegeria pomeroyi DSS-3",637000267,"Proteobacteria","Alphaproteobacteria","Rhodobacterales","Rhodobacteraceae","Ruegeria","Ruegeria pomeroyi",4601053,"Whole Genome Sequencing"
"Oceanobacillus iheyensis HTE831",637000201,"Firmicutes","Bacilli","Bacillales","Bacillaceae","Oceanobacillus","Oceanobacillus iheyensis",3630528,"Whole Genome Sequencing"
"Desulfotalea psychrophila LSv54",637000094,"Proteobacteria","Deltaproteobacteria","Desulfobacterales","Desulfobulbaceae","Desulfotalea","Desulfotalea psychrophila",3659634,"Whole Genome Sequencing"
"Photobacterium profundum SS9",637000206,"Proteobacteria","Gammaproteobacteria","Vibrionales","Vibrionaceae","Photobacterium","Photobacterium profundum",6403280,"Whole Genome Sequencing"
"Geobacillus kaustophilus HTA426",637000118,"Firmicutes","Bacilli","Bacillales","Bacillaceae","Geobacillus","Geobacillus kaustophilus",3592666,"Whole Genome Sequencing"
"Pseudoalteromonas haloplanktis TAC125",637000217,"Proteobacteria","Gammaproteobacteria","Alteromonadales","Pseudoalteromonadaceae","Pseudoalteromonas","Pseudoalteromonas haloplanktis",3850272,"Whole Genome Sequencing"
"Synechococcus sp. CC9605",637000310,"Cyanobacteria","unclassified","Chroococcales","unclassified","Synechococcus","sp.",2510659,"Whole Genome Sequencing"
"Hahella chejuensis KCTC 2396",637000128,"Proteobacteria","Gammaproteobacteria","Oceanospirillales","Hahellaceae","Hahella","Hahella chejuensis",7215267,"Whole Genome Sequencing"
"Pseudoalteromonas atlantica T6c",637000216,"Proteobacteria","Gammaproteobacteria","Alteromonadales","Pseudoalteromonadaceae","Pseudoalteromonas","Pseudoalteromonas atlantica",5187005,"Whole Genome Sequencing"
"Shewanella sp. MR-7",637000260,"Proteobacteria","Gammaproteobacteria","Alteromonadales","Shewanellaceae","Shewanella","Shewanella sp. MR-7",4799109,"Whole Genome Sequencing"
"Maricaulis maris MCS10",637000157,"Proteobacteria","Alphaproteobacteria","Rhodobacterales","Hyphomonadaceae","Maricaulis","Maricaulis maris",3368780,"Whole Genome Sequencing"
"Hyphomonas neptunium ATCC 15444",637000135,"Proteobacteria","Alphaproteobacteria","Rhodobacterales","Hyphomonadaceae","Hyphomonas","Hyphomonas neptunium",3705021,"Whole Genome Sequencing"
"Gramella forsetii KT0803",639633025,"Bacteroidetes","Flavobacteriia","Flavobacteriales","Flavobacteriaceae","Gramella","Gramella forsetii",3798465,"Whole Genome Sequencing"
"Magnetococcus marinus MC-1",639633036,"Proteobacteria","Alphaproteobacteria","Magnetococcales","Magnetococcaceae","Magnetococcus","Magnetococcus marinus",4719581,"Whole Genome Sequencing"
"Shewanella sp. W3-18-1",639633059,"Proteobacteria","Gammaproteobacteria","Alteromonadales","Shewanellaceae","Shewanella","Shewanella sp. W3-18-1",4708380,"Whole Genome Sequencing"
"Shewanella baltica OS155",640069330,"Proteobacteria","Gammaproteobacteria","Alteromonadales","Shewanellaceae","Shewanella","Shewanella baltica",5342896,"Whole Genome Sequencing"
"Shewanella baltica OS185",640753049,"Proteobacteria","Gammaproteobacteria","Alteromonadales","Shewanellaceae","Shewanella","Shewanella baltica",5312910,"Whole Genome Sequencing"
"Vibrio harveyi BB120, ATCC BAA-1116",640753058,"Proteobacteria","Gammaproteobacteria","Vibrionales","Vibrionaceae","Vibrio","Vibrio campbellii",6058377,"Whole Genome Sequencing"
"Shewanella baltica OS195",641228507,"Proteobacteria","Gammaproteobacteria","Alteromonadales","Shewanellaceae","Shewanella","Shewanella baltica",5547544,"Whole Genome Sequencing"
"Shewanella halifaxensis HAW-EB4",641522648,"Proteobacteria","Gammaproteobacteria","Alteromonadales","Shewanellaceae","Shewanella","Shewanella halifaxensis",5226917,"Whole Genome Sequencing"
"Clostridium botulinum B Eklund 17B",641522618,"Firmicutes","Clostridia","Clostridiales","Clostridiaceae","Clostridium","Clostridium botulinum",3847969,"Whole Genome Sequencing"
"Chloroherpeton thalassium ATCC 35110",642555123,"Chlorobi","Chlorobia","Chlorobiales","Chlorobiaceae","Chloroherpeton","Chloroherpeton thalassium",3293456,"Whole Genome Sequencing"
"Alteromonas mediterranea DE",642555105,"Proteobacteria","Gammaproteobacteria","Alteromonadales","Alteromonadaceae","Alteromonas","Alteromonas mediterranea",4412282,"Whole Genome Sequencing"
"Shewanella piezotolerans WP3",643348575,"Proteobacteria","Gammaproteobacteria","Alteromonadales","Shewanellaceae","Shewanella","Shewanella piezotolerans",5396476,"Whole Genome Sequencing"
"Shewanella baltica OS223",643348574,"Proteobacteria","Gammaproteobacteria","Alteromonadales","Shewanellaceae","Shewanella","Shewanella baltica",5358884,"Whole Genome Sequencing"
"Rhodobacter sphaeroides KD131",643348570,"Proteobacteria","Alphaproteobacteria","Rhodobacterales","Rhodobacteraceae","Rhodobacter","Rhodobacter sphaeroides",4711139,"Whole Genome Sequencing"
"Persephonella marina EX-H1",643692030,"Aquificae","Aquificae","Aquificales","Hydrogenothermaceae","Persephonella","Persephonella marina",1983966,"Whole Genome Sequencing"
"Rhodococcus erythropolis PR4",643692033,"Actinobacteria","Actinobacteria","Corynebacteriales","Nocardiaceae","Rhodococcus","Rhodococcus erythropolis",6895538,"Whole Genome Sequencing"
"Rhizobium leguminosarum bv. trifolii WSM1325",644736401,"Proteobacteria","Alphaproteobacteria","Rhizobiales","Rhizobiaceae","Rhizobium","Rhizobium leguminosarum",7418122,"Whole Genome Sequencing"
"Robiginitalea biformata HTCC2501",646311950,"Bacteroidetes","Flavobacteriia","Flavobacteriales","Flavobacteriaceae","Robiginitalea","Robiginitalea biformata",3530383,"Whole Genome Sequencing"
"Haliangium ochraceum SMP-2, DSM 14365",646311933,"Proteobacteria","Deltaproteobacteria","Myxococcales","Kofleriaceae","Haliangium","Haliangium ochraceum",9446314,"Whole Genome Sequencing"
"Vibrio antiquarius Ex25",646311966,"Proteobacteria","Gammaproteobacteria","Vibrionales","Vibrionaceae","Vibrio","Vibrio antiquarius",5089025,"Whole Genome Sequencing"
"Nitrosococcus halophilus Nc4",646564556,"Proteobacteria","Gammaproteobacteria","Chromatiales","Chromatiaceae","Nitrosococcus","Nitrosococcus halophilus",4145260,"Whole Genome Sequencing"
"Candidatus Puniceispirillum marinum IMCC1322",646564516,"Proteobacteria","Alphaproteobacteria","unclassified","unclassified","Candidatus Puniceispirillum","Candidatus Puniceispirillum marinum",2753527,"Whole Genome Sequencing"
"Shewanella violacea DSS12",646564568,"Proteobacteria","Gammaproteobacteria","Alteromonadales","Shewanellaceae","Shewanella","Shewanella violacea",4962103,"Whole Genome Sequencing"
"Vibrio orientalis CIP 102891",647000342,"Proteobacteria","Gammaproteobacteria","Vibrionales","Vibrionaceae","Vibrio","Vibrio orientalis",4698244,"Whole Genome Sequencing"
"Brevundimonas sp. BAL3",647533115,"Proteobacteria","Alphaproteobacteria","Caulobacterales","Caulobacteraceae","Brevundimonas","Brevundimonas sp. BAL3",3646072,"Whole Genome Sequencing"
"Cyanobium sp. PCC 7001",647533126,"Cyanobacteria","unclassified","Synechococcales","Synechococcaceae","Cyanobium","Cyanobium sp. PCC 7001",2834252,"Whole Genome Sequencing"
"Rhodobacterales sp. HTCC2083",647533202,"Proteobacteria","Alphaproteobacteria","Rhodobacterales","Rhodobacteraceae","unclassified","Rhodobacteraceae bacterium HTCC2083",4018415,"Whole Genome Sequencing"
"Roseobacter sp. GAI101",647533205,"Proteobacteria","Alphaproteobacteria","Rhodobacterales","Rhodobacteraceae","Roseobacter","Roseobacter sp. GAI101",4527951,"Whole Genome Sequencing"
"Stenotrophomonas sp. SKA14",647533230,"Proteobacteria","Gammaproteobacteria","Xanthomonadales","Xanthomonadaceae","Stenotrophomonas","Stenotrophomonas sp. SKA14",5020454,"Whole Genome Sequencing"
"Citreicella sp. SE45",647533124,"Proteobacteria","Alphaproteobacteria","Rhodobacterales","Rhodobacteraceae","Citreicella","Citreicella sp. SE45",5523231,"Whole Genome Sequencing"
"Thermaerobacter marianensis 7p75a, DSM 12885",649633101,"Firmicutes","Clostridia","Clostridiales","Clostridiales Family XVII. Incertae Sedis","Thermaerobacter","Thermaerobacter marianensis",2844696,"Whole Genome Sequencing"
"Marinobacter adhaerens HP15",650377991,"Proteobacteria","Gammaproteobacteria","Alteromonadales","Alteromonadaceae","Marinobacter","Marinobacter adhaerens",4651725,"Whole Genome Sequencing"
"Vibrio furnissii 2510/74, NCTC 11218",650377984,"Proteobacteria","Gammaproteobacteria","Vibrionales","Vibrionaceae","Vibrio","Vibrio furnissii",4916408,"Whole Genome Sequencing"
"Cellulosilyticum lentocellum RHM5, DSM 5427",650716026,"Firmicutes","Clostridia","Clostridiales","Lachnospiraceae","Cellulosilyticum","Cellulosilyticum lentocellum",4714237,"Whole Genome Sequencing"
"Sinorhizobium meliloti AK83",650716086,"Proteobacteria","Alphaproteobacteria","Rhizobiales","Rhizobiaceae","Sinorhizobium","Sinorhizobium meliloti",7140471,"Whole Genome Sequencing"
"Myxococcus fulvus HW-1",650716065,"Proteobacteria","Deltaproteobacteria","Myxococcales","Myxococcaceae","Myxococcus","Myxococcus fulvus",9003593,"Whole Genome Sequencing"
"Shewanella baltica OS117",651053066,"Proteobacteria","Gammaproteobacteria","Alteromonadales","Shewanellaceae","Shewanella","Shewanella baltica",5526018,"Whole Genome Sequencing"
"Desulfovibrio desulfuricans ND132 (Final JGI assembly)",2503754015,"Proteobacteria","Deltaproteobacteria","Desulfovibrionales","Desulfovibrionaceae","Desulfovibrio","Desulfovibrio desulfuricans",3858983,"Whole Genome Sequencing"
"Alteromonas naphthalenivorans SN2",2504136012,"Proteobacteria","Gammaproteobacteria","Alteromonadales","Alteromonadaceae","Alteromonas","Alteromonas naphthalenivorans",4972148,"Whole Genome Sequencing"
"Synechococcus sp. PCC 8807",2504643002,"Cyanobacteria","unclassified","Synechococcales","Synechococcaceae","Synechococcus","Synechococcus sp. PCC 8807",3632845,"Whole Genome Sequencing"
"Synechococcus sp. PCC 73109",2504643003,"Cyanobacteria","unclassified","Synechococcales","Synechococcaceae","Synechococcus","Synechococcus sp. PCC 73109",3674393,"Whole Genome Sequencing"
"Methylomonas methanica MC09",2504756059,"Proteobacteria","Gammaproteobacteria","Methylococcales","Methylococcaceae","Methylomonas","Methylomonas methanica",5051681,"Whole Genome Sequencing"
"Aquiflexum balticum BA160, DSM 16537",2506520046,"Bacteroidetes","Cytophagia","Cytophagales","Cyclobacteriaceae","Aquiflexum","Aquiflexum balticum",5987095,"Whole Genome Sequencing"
"Thioflavicoccus mobilis 8321",2506783059,"Proteobacteria","Gammaproteobacteria","Chromatiales","Chromatiaceae","Thioflavicoccus","Thioflavicoccus mobilis",4137521,"Whole Genome Sequencing"
"Synechococcus sp. KORDI-49 (genome sequencing)",2507262011,"Cyanobacteria","unclassified","Synechococcales","Synechococcaceae","Synechococcus","Synechococcus sp. KORDI-49",2585813,"Whole Genome Sequencing"
"Synechococcus sp. KORDI-52 (genome sequencing)",2507262012,"Cyanobacteria","unclassified","Synechococcales","Synechococcaceae","Synechococcus","Synechococcus sp. KORDI-52",2572069,"Whole Genome Sequencing"
"Synechococcus sp. WH 8016",2507262052,"Cyanobacteria","unclassified","Synechococcales","Synechococcaceae","Synechococcus","Synechococcus sp. WH 8016",2706690,"Whole Genome Sequencing"
"Saccharomonospora marina XMU15, DSM 45390",2508501012,"Actinobacteria","Actinobacteria","Pseudonocardiales","Pseudonocardiaceae","Saccharomonospora","Saccharomonospora marina",5965593,"Whole Genome Sequencing"
"Owenweeksia hongkongensis DSM 17368",2508501098,"Bacteroidetes","Flavobacteriia","Flavobacteriales","Cryomorphaceae","Owenweeksia","Owenweeksia hongkongensis",4000057,"Whole Genome Sequencing"
"Mycobacterium rhodesiae NBB3",2508501106,"Actinobacteria","Actinobacteria","Corynebacteriales","Mycobacteriaceae","Mycobacterium","Mycobacterium rhodesiae",6415739,"Whole Genome Sequencing"
"Thermoanaerobacter siderophilus SR4",2509276025,"Firmicutes","Clostridia","Thermoanaerobacterales","Thermoanaerobacteraceae","Thermoanaerobacter","Thermoanaerobacter siderophilus",2540159,"Whole Genome Sequencing"
"Joostella marina DSM 19592",2509276026,"Bacteroidetes","Flavobacteriia","Flavobacteriales","Flavobacteriaceae","Joostella","Joostella marina",4508243,"Whole Genome Sequencing"
"Halobacteroides halobius DSM 5150",2509601017,"Firmicutes","Clostridia","Halanaerobiales","Halobacteroidaceae","Halobacteroides","Halobacteroides halobius",2649255,"Whole Genome Sequencing"
"Sulfobacillus acidophilus TPY",2510917010,"Firmicutes","Clostridia","Clostridiales","Clostridiales Family XVII. Incertae Sedis","Sulfobacillus","Sulfobacillus acidophilus",3551206,"Whole Genome Sequencing"
"Gammaproteobacteria sp. OM60 HIMB55",2513237293,"Proteobacteria","Gammaproteobacteria","Cellvibrionales","Halieaceae","unclassified","gamma proteobacterium HIMB55",2736988,"Whole Genome Sequencing"
"Thermoanaerobacter indiensis BSB-33",2517287027,"Firmicutes","Clostridia","Thermoanaerobacterales","Thermoanaerobacteraceae","Thermoanaerobacter","Thermoanaerobacter indiensis",2597606,"Whole Genome Sequencing"
"Simiduia agarivorans SA1",2519103097,"Proteobacteria","Gammaproteobacteria","Cellvibrionales","Cellvibrionaceae","Simiduia","Simiduia agarivorans",4309711,"Whole Genome Sequencing"
"Algicola sagamiensis DSM 14643",2519899678,"Proteobacteria","Gammaproteobacteria","Alteromonadales","Pseudoalteromonadaceae","Algicola","Algicola sagamiensis",4343428,"Whole Genome Sequencing"
"Alcanivorax dieselolei B5",2521172691,"Proteobacteria","Gammaproteobacteria","Oceanospirillales","Alcanivoracaceae","Alcanivorax","Alcanivorax dieselolei",4928223,"Whole Genome Sequencing"
"Thalassobaculum salexigens DSM 19539",2523231049,"Proteobacteria","Alphaproteobacteria","Rhodospirillales","Rhodospirillaceae","Thalassobaculum","Thalassobaculum salexigens",5084548,"Whole Genome Sequencing"
"Desulfotignum balticum DSM 7044",2526164528,"Proteobacteria","Deltaproteobacteria","Desulfobacterales","Desulfobacteraceae","Desulfotignum","Desulfotignum balticum",5118755,"Whole Genome Sequencing"
"Croceibacter atlanticus HTCC2559 (Re-annotation of existing genome that was not originally submitted by me)",2526164557,"Bacteroidetes","Flavobacteriia","Flavobacteriales","Flavobacteriaceae","Croceibacter","Croceibacter atlanticus",2952962,"Whole Genome Sequencing"
"Acinetobacter baumannii MSP4-16",2537561872,"Proteobacteria","Gammaproteobacteria","Pseudomonadales","Moraxellaceae","Acinetobacter","Acinetobacter baumannii",3944542,"Whole Genome Sequencing"
"Nonlabens dokdonensis DSW-6",2540341128,"Bacteroidetes","Flavobacteriia","Flavobacteriales","Flavobacteriaceae","Nonlabens","Nonlabens dokdonensis",3914632,"Whole Genome Sequencing"
"Marinobacter hydrocarbonoclasticus ATCC 49840",2540341173,"Proteobacteria","Gammaproteobacteria","Alteromonadales","Alteromonadaceae","Marinobacter","Marinobacter hydrocarbonoclasticus",3989480,"Whole Genome Sequencing"
"Vibrio kanaloae 5S-149",2551306055,"Proteobacteria","Gammaproteobacteria","Vibrionales","Vibrionaceae","Vibrio","Vibrio kanaloae",4664984,"Whole Genome Sequencing"
"Bacillus infantis NRRL B-14911",2554235446,"Firmicutes","Bacilli","Bacillales","Bacillaceae","Bacillus","Bacillus infantis",4884713,"Whole Genome Sequencing"
"Salinispira pacifica L21-RPul-D2",2556921662,"Spirochaetes","Spirochaetia","Spirochaetales","Spirochaetaceae","Salinispira","Salinispira pacifica",3782798,"Whole Genome Sequencing"
"Polaribacter sp. Hel_I_88",2558860973,"Bacteroidetes","Flavobacteriia","Flavobacteriales","Flavobacteriaceae","Polaribacter","Polaribacter sp. Hel_I_88",3996527,"Whole Genome Sequencing"
"Nodularia spumigena CCY9414",2562617131,"Cyanobacteria","unclassified","Nostocales","Aphanizomenonaceae","Nodularia","Nodularia spumigena",5465271,"Whole Genome Sequencing"
"Gillisia sp. Hel_I_29",2576861397,"Bacteroidetes","Flavobacteriia","Flavobacteriales","Flavobacteriaceae","Gillisia","Gillisia sp. Hel_I_29",3959304,"Whole Genome Sequencing"
"Dokdonia sp. Hel_I_5",2596583660,"Bacteroidetes","Flavobacteriia","Flavobacteriales","Flavobacteriaceae","Dokdonia","Dokdonia sp. Hel_I_5",3584841,"Whole Genome Sequencing"
"Nitrospira marina Nb-295",2596583682,"Nitrospirae","Nitrospira","Nitrospirales","Nitrospiraceae","Nitrospira","Nitrospira marina",4689205,"Whole Genome Sequencing"
"Nonlabens sp. MIC269",2622736623,"Bacteroidetes","Flavobacteriia","Flavobacteriales","Flavobacteriaceae","Nonlabens","Nonlabens sp. MIC269",2884293,"Whole Genome Sequencing"
"Vibrio variabilis T01",2627854277,"Proteobacteria","Gammaproteobacteria","Vibrionales","Vibrionaceae","Vibrio","Vibrio variabilis",4529728,"Whole Genome Sequencing"
"Moorea producens-heterotrophic bacteria co-culture from Jamaica (Final Draft of Linear Chromosome and 2 Linear Plasmid Scaffolds)",2630968265,"Cyanobacteria","unclassified","Oscillatoriales","Oscillatoriaceae","Moorea","Moorea producens",9384763,"Whole Genome Sequencing"
"Moorea producens-heterotrophic bacteria co-culture from Palmyra Atoll (Complete Genome, 1 Circular Chromosome and 1 Circular Plasmid)",2630968268,"Cyanobacteria","unclassified","Oscillatoriales","Oscillatoriaceae","Moorea","Moorea producens",9708656,"Whole Genome Sequencing"
"Moorea producens-heterotrophic bacteria co-culture from Cura?ao (One linear chromosome and 78 unmapped contigs)",2630969006,"Cyanobacteria","unclassified","Oscillatoriales","Oscillatoriaceae","Moorea","Moorea producens",8371387,"Whole Genome Sequencing"
"Moorea bouillonii-heterotrophic bacteria co-culture from Papua New Guinea (One linear chromosome and 12 unmapped contigs)",2630969007,"Cyanobacteria","unclassified","Oscillatoriales","Oscillatoriaceae","Moorea","Moorea bouillonii",8319104,"Whole Genome Sequencing"
"Gemmatimonas sp. SG8_38_2",2654587958,"Gemmatimonadetes","Gemmatimonadetes","Gemmatimonadales","Gemmatimonadaceae","Gemmatimonas","Gemmatimonas sp. SG8_38_2",2814545,"Metagenome"
"Lutibacter profundi LP1",2663763042,"Bacteroidetes","Flavobacteriia","Flavobacteriales","Flavobacteriaceae","Lutibacter","Lutibacter profundi",2966978,"Whole Genome Sequencing"
"Pseudomonas pohangensis DSM 17875",2667527387,"Proteobacteria","Gammaproteobacteria","Pseudomonadales","Pseudomonadaceae","Pseudomonas","Pseudomonas pohangensis",3769589,"Whole Genome Sequencing"
"Prauserella marina CGMCC 4.5506",2675903049,"Actinobacteria","Actinobacteria","Pseudonocardiales","Pseudonocardiaceae","Prauserella","Prauserella marina",6980949,"Whole Genome Sequencing"
"Rhodobacter vinaykumarii DSM 18714",2681813513,"Proteobacteria","Alphaproteobacteria","Rhodobacterales","Rhodobacteraceae","Rhodobacter","Rhodobacter vinaykumarii",3481684,"Whole Genome Sequencing"
"Alteromonas stellipolaris LMG21856",2684623042,"Proteobacteria","Gammaproteobacteria","Alteromonadales","Alteromonadaceae","Alteromonas","Alteromonas stellipolaris",4686200,"Whole Genome Sequencing"
"Wenyingzhuangia fucanilytica CZ1127",2718217755,"Bacteroidetes","Flavobacteriia","Flavobacteriales","Flavobacteriaceae","Wenyingzhuangia","Wenyingzhuangia fucanilytica",3427057,"Whole Genome Sequencing"
"Moorea producens PAL-8-15-08-1",2718217854,"Cyanobacteria","unclassified","Oscillatoriales","Oscillatoriaceae","Moorea","Moorea producens",9708656,"Whole Genome Sequencing"
"Candidatus Gloeomargarita lithophora D10",2718217921,"Cyanobacteria","unclassified","Gloeoemargaritales","Gloeomargaritaceae","Gloeomargarita","Gloeomargarita lithophora",3049282,"Whole Genome Sequencing"
"Colwellia sp. PAMC 20917",2718217952,"Proteobacteria","Gammaproteobacteria","Alteromonadales","Colwelliaceae","Colwellia","Colwellia sp. PAMC 20917",4683314,"Whole Genome Sequencing"
"Gramella sp. LPB0144",2718217989,"Bacteroidetes","Flavobacteriia","Flavobacteriales","Flavobacteriaceae","Gramella","Gramella sp. LPB0144",2978889,"Whole Genome Sequencing"
"Salegentibacter sp. T436",2718217993,"Bacteroidetes","Flavobacteriia","Flavobacteriales","Flavobacteriaceae","Salegentibacter","Salegentibacter sp. T436",4086550,"Whole Genome Sequencing"
"Alteromonas sp. RW2A1",2721755521,"Proteobacteria","Gammaproteobacteria","Alteromonadales","Alteromonadaceae","Alteromonas","Alteromonas sp. RW2A1",4143824,"Whole Genome Sequencing"
"Cellulophaga lytica DAU203",2721755689,"Bacteroidetes","Flavobacteriia","Flavobacteriales","Flavobacteriaceae","Cellulophaga","Cellulophaga lytica",3952957,"Whole Genome Sequencing"
"Alteromonas mediterranea RG65",2721755799,"Proteobacteria","Gammaproteobacteria","Alteromonadales","Alteromonadaceae","Alteromonas","Alteromonas mediterranea",4652214,"Whole Genome Sequencing"
"Marivivens sp. JLT3646",2721755812,"Proteobacteria","Alphaproteobacteria","Rhodobacterales","Rhodobacteraceae","Marivivens","Marivivens sp. JLT3646",3147211,"Whole Genome Sequencing"
"Colwellia psychrerythraea 34H",637000081,"Proteobacteria","Gammaproteobacteria","Alteromonadales","Colwelliaceae","Colwellia","Colwellia psychrerythraea",5373180,"Whole Genome Sequencing"
"Rhodopirellula baltica SH 1",637000236,"Planctomycetes","Planctomycetia","Planctomycetales","Planctomycetaceae","Rhodopirellula","Rhodopirellula baltica",7145576,"Whole Genome Sequencing"
"Nitrosococcus oceani C-107",637000194,"Proteobacteria","Gammaproteobacteria","Chromatiales","Chromatiaceae","Nitrosococcus","Nitrosococcus oceani",3522111,"Whole Genome Sequencing"
"Jannaschia sp. CCS1",637000137,"Proteobacteria","Alphaproteobacteria","Rhodobacterales","Rhodobacteraceae","Jannaschia","Jannaschia sp. CCS1",4404049,"Whole Genome Sequencing"
"Saccharophagus degradans 2-40",637000249,"Proteobacteria","Gammaproteobacteria","Cellvibrionales","Cellvibrionaceae","Saccharophagus","Saccharophagus degradans",5057531,"Whole Genome Sequencing"
"Sphingopyxis alaskensis RB2256",637000271,"Proteobacteria","Alphaproteobacteria","Sphingomonadales","Sphingomonadaceae","Sphingopyxis","Sphingopyxis alaskensis",3373713,"Whole Genome Sequencing"
"Cytophaga hutchinsonii ATCC 33406",637000087,"Bacteroidetes","Cytophagia","Cytophagales","Cytophagaceae","Cytophaga","Cytophaga hutchinsonii",4433218,"Whole Genome Sequencing"
"Trichodesmium erythraeum IMS101",637000329,"Cyanobacteria","unclassified","Oscillatoriales","Microcoleaceae","Trichodesmium","Trichodesmium erythraeum",7750108,"Whole Genome Sequencing"
"Synechococcus sp. CC9311",637000309,"Cyanobacteria","unclassified","Synechococcales","Synechococcaceae","Synechococcus","Synechococcus sp. CC9311",2606748,"Whole Genome Sequencing"
"Polaribacter sp. MED152",638341218,"Bacteroidetes","Flavobacteriia","Flavobacteriales","Flavobacteriaceae","Polaribacter","Polaribacter sp. MED152",2967100,"Whole Genome Sequencing"
"Paenarthrobacter aurescens TC1",639633005,"Actinobacteria","Actinobacteria","Micrococcales","Micrococcaceae","Paenarthrobacter","Paenarthrobacter aurescens",5226648,"Whole Genome Sequencing"
"Prochlorococcus sp. MIT9303",640069323,"Cyanobacteria","unclassified","Synechococcales","Prochloraceae","Prochlorococcus","Prochlorococcus marinus",2682675,"Whole Genome Sequencing"
"Sulfurovum sp. NBC37-1",640753056,"Proteobacteria","Epsilonproteobacteria","unclassified","unclassified","Sulfurovum","Sulfurovum sp. NBC37-1",2562277,"Whole Genome Sequencing"
"Chlorobium phaeobacteroides BS1",642555122,"Chlorobi","Chlorobia","Chlorobiales","Chlorobiaceae","Chlorobium","Chlorobium phaeobacteroides",2736403,"Whole Genome Sequencing"
"Desulfobacterium autotrophicum HRM2, DSM 3382",643692021,"Proteobacteria","Deltaproteobacteria","Desulfobacterales","Desulfobacteraceae","Desulfobacterium","Desulfobacterium autotrophicum",5657782,"Whole Genome Sequencing"
"Coraliomargarita akajimensis DSM 45221",646564524,"Verrucomicrobia","Opitutae","Puniceicoccales","Puniceicoccaceae","Coraliomargarita","Coraliomargarita akajimensis",3750771,"Whole Genome Sequencing"
"Zunongwangia profunda SM-A87",646564591,"Bacteroidetes","Flavobacteriia","Flavobacteriales","Flavobacteriaceae","Zunongwangia","Zunongwangia profunda",5128187,"Whole Genome Sequencing"
"Rhodobacterales sp. Y4I",647533203,"Proteobacteria","Alphaproteobacteria","Rhodobacterales","unclassified","unclassified","Rhodobacterales bacterium Y4I",4344244,"Whole Genome Sequencing"
"Parvularcula bermudensis HTCC2503",648028050,"Proteobacteria","Alphaproteobacteria","Parvularculales","Parvularculaceae","Parvularcula","Parvularcula bermudensis",2902643,"Whole Genome Sequencing"
"Marivirga tractuosa H-43, DSM 4126",649633065,"Bacteroidetes","Cytophagia","Cytophagales","Flammeovirgaceae","Marivirga","Marivirga tractuosa",4516490,"Whole Genome Sequencing"
"Carnobacterium sp. 17-4",650716020,"Firmicutes","Bacilli","Lactobacillales","Carnobacteriaceae","Carnobacterium","Carnobacterium sp. 17-4",2685399,"Whole Genome Sequencing"
"Verrucosispora maris AB-18-032",650716103,"Actinobacteria","Actinobacteria","Micromonosporales","Micromonosporaceae","Verrucosispora","Verrucosispora maris",6732271,"Whole Genome Sequencing"
"Pusillimonas sp. T7-7",650716078,"Proteobacteria","Betaproteobacteria","Burkholderiales","Alcaligenaceae","Pusillimonas","Pusillimonas sp. T7-7",3924810,"Whole Genome Sequencing"
"Lacinutrix sp. 5H-3-7-4",650716044,"Bacteroidetes","Flavobacteriia","Flavobacteriales","Flavobacteriaceae","Lacinutrix","Lacinutrix sp. 5H-3-7-4",3296168,"Whole Genome Sequencing"
